Workbook
Name Globals: INPUT!$A$4:$B$15
Name Lessons: INPUT!$A$18:$D$24
Name Steps: INPUT!$A$27:$A$45
Name Takes: INPUT!$A$48:$I$156

Sheet MAIN
A1: title_text | B1: order | C1: app-repeat | D1: app-ai | E1: mirror | F1: background | G1: character | H1: phrase | I1: directions | J1: props | K1: effect | L1: bgsound | M1: endsoundeffect | N1: h3 | O1: previousline | P1: filename | Q1: join | R1: video_file | S1: footer_text | T1: bgmusic | U1: subtitle_text | V1: foreground | W1: overlay | X1: image | Y1: course_id | Z1: course_name | AA1: lesson_id | AB1: lesson_title | AC1: response_type | AD1: unit | AE1: mission | AF1: recap_sources | AG1: recap_overlay | AH1: intro_video | AI1: success_video | AJ1: success_srt | AK1: success_srt_es | AL1: success_srt_pt | AM1: success_srt_bn | AN1: srt | AO1: lesson_title_es | AP1: lesson_title_pt | AQ1: lesson_title_bn | AR1: mission_es | AS1: mission_pt | AT1: mission_bn | AU1: cue_es | AV1: cue_pt | AW1: cue_bn | AX1: cue_alt_es | AY1: cue_alt_pt | AZ1: cue_alt_bn | BA1: subtitle_text_es | BB1: subtitle_text_pt | BC1: subtitle_text_bn | BD1: phrase_es | BE1: phrase_pt | BF1: phrase_bn | BG1: _step
A2: =INPUT!$B$5 | B2: 01 | G2: =INPUT!$B$6 | H2: =IFERROR(VLOOKUP($P$2,INPUT!$A$48:$I$156,6,FALSE),"") | P2: wouldyourather_a0101 | Q2: =IFERROR(VLOOKUP($P$2,INPUT!$A$48:$I$156,4,FALSE),"") | R2: =IFERROR(VLOOKUP($P$2,INPUT!$A$48:$I$156,3,FALSE),"") | U2: ="<aside><strong>🅰1️⃣"&$H$2&"</strong><br><br>🅰2️⃣___________<br><br>🅱1️⃣___________<br><br>🅱2️⃣___________></mark>" | Y2: =INPUT!$B$7 | Z2: =INPUT!$B$8 | AA2: =IFERROR(VLOOKUP($P$2,INPUT!$A$48:$I$156,5,FALSE),"") | AB2: =IFERROR(VLOOKUP($AA$2,INPUT!$A$18:$D$24,2,FALSE),"") | AC2: =INPUT!$B$9 | AF2: =IFERROR(VLOOKUP($AA$2,INPUT!$A$18:$D$24,3,FALSE),"") | AG2: =INPUT!$B$10 | AH2: =IFERROR(VLOOKUP($AA$2,INPUT!$A$18:$D$24,4,FALSE),"") | AI2: =INPUT!$B$11 | AJ2: =INPUT!$B$12 | AK2: =INPUT!$B$13 | AL2: =INPUT!$B$14 | AM2: =INPUT!$B$15 | BD2: =IFERROR(VLOOKUP($P$2,INPUT!$A$48:$I$156,7,FALSE),"") | BE2: =IFERROR(VLOOKUP($P$2,INPUT!$A$48:$I$156,8,FALSE),"") | BF2: =IFERROR(VLOOKUP($P$2,INPUT!$A$48:$I$156,9,FALSE),"") | BG2: =IF(TRIM($Q$2)<>"",TRIM($Q$2),TRIM($R$2))
A3: =INPUT!$B$5 | B3: 02 | G3: =INPUT!$B$6 | H3: =IFERROR(VLOOKUP($P$3,INPUT!$A$48:$I$156,6,FALSE),"") | P3: wouldyourather_a0102 | Q3: =IFERROR(VLOOKUP($P$3,INPUT!$A$48:$I$156,4,FALSE),"") | R3: =IFERROR(VLOOKUP($P$3,INPUT!$A$48:$I$156,3,FALSE),"") | U3: ="<aside>🅰1️⃣"&$H$2&"<br><br><strong>🅰2️⃣"&$H$3&"</strong><br><br>🅱1️⃣___________<br><br>🅱2️⃣___________</mark>" | Y3: =INPUT!$B$7 | Z3: =INPUT!$B$8 | AA3: =IFERROR(VLOOKUP($P$3,INPUT!$A$48:$I$156,5,FALSE),"") | AB3: =IFERROR(VLOOKUP($AA$3,INPUT!$A$18:$D$24,2,FALSE),"") | AC3: =INPUT!$B$9 | AF3: =IFERROR(VLOOKUP($AA$3,INPUT!$A$18:$D$24,3,FALSE),"") | AG3: =INPUT!$B$10 | AH3: =IFERROR(VLOOKUP($AA$3,INPUT!$A$18:$D$24,4,FALSE),"") | AI3: =INPUT!$B$11 | AJ3: =INPUT!$B$12 | AK3: =INPUT!$B$13 | AL3: =INPUT!$B$14 | AM3: =INPUT!$B$15 | BD3: =IFERROR(VLOOKUP($P$3,INPUT!$A$48:$I$156,7,FALSE),"") | BE3: =IFERROR(VLOOKUP($P$3,INPUT!$A$48:$I$156,8,FALSE),"") | BF3: =IFERROR(VLOOKUP($P$3,INPUT!$A$48:$I$156,9,FALSE),"") | BG3: =IF(TRIM($Q$3)<>"",TRIM($Q$3),TRIM($R$3))
A4: =INPUT!$B$5 | B4: 03 | G4: =INPUT!$B$6 | H4: =IFERROR(VLOOKUP($P$4,INPUT!$A$48:$I$156,6,FALSE),"") | P4: wouldyourather_a0103 | Q4: =IFERROR(VLOOKUP($P$4,INPUT!$A$48:$I$156,4,FALSE),"") | R4: =IFERROR(VLOOKUP($P$4,INPUT!$A$48:$I$156,3,FALSE),"") | U4: ="<aside>🅰1️⃣"&$H$2&"<br><br>🅰2️⃣"&$H$3&"<br><br><strong>🅱1️⃣"&$H$4&"</strong><br><br>🅱2️⃣___________</mark>" | Y4: =INPUT!$B$7 | Z4: =INPUT!$B$8 | AA4: =IFERROR(VLOOKUP($P$4,INPUT!$A$48:$I$156,5,FALSE),"") | AB4: =IFERROR(VLOOKUP($AA$4,INPUT!$A$18:$D$24,2,FALSE),"") | AC4: =INPUT!$B$9 | AF4: =IFERROR(VLOOKUP($AA$4,INPUT!$A$18:$D$24,3,FALSE),"") | AG4: =INPUT!$B$10 | AH4: =IFERROR(VLOOKUP($AA$4,INPUT!$A$18:$D$24,4,FALSE),"") | AI4: =INPUT!$B$11 | AJ4: =INPUT!$B$12 | AK4: =INPUT!$B$13 | AL4: =INPUT!$B$14 | AM4: =INPUT!$B$15 | BD4: =IFERROR(VLOOKUP($P$4,INPUT!$A$48:$I$156,7,FALSE),"") | BE4: =IFERROR(VLOOKUP($P$4,INPUT!$A$48:$I$156,8,FALSE),"") | BF4: =IFERROR(VLOOKUP($P$4,INPUT!$A$48:$I$156,9,FALSE),"") | BG4: =IF(TRIM($Q$4)<>"",TRIM($Q$4),TRIM($R$4))
A5: =INPUT!$B$5 | B5: 04 | G5: =INPUT!$B$6 | H5: =IFERROR(VLOOKUP($P$5,INPUT!$A$48:$I$156,6,FALSE),"") | P5: wouldyourather_a0104 | Q5: =IFERROR(VLOOKUP($P$5,INPUT!$A$48:$I$156,4,FALSE),"") | R5: =IFERROR(VLOOKUP($P$5,INPUT!$A$48:$I$156,3,FALSE),"") | U5: ="<aside>🅰1️⃣"&$H$2&"<br><br>🅰2️⃣"&$H$3&"<br><br>🅱1️⃣"&$H$4&"<br><br><strong>🅱2️⃣"&$H$5&"</mark>" | Y5: =INPUT!$B$7 | Z5: =INPUT!$B$8 | AA5: =IFERROR(VLOOKUP($P$5,INPUT!$A$48:$I$156,5,FALSE),"") | AB5: =IFERROR(VLOOKUP($AA$5,INPUT!$A$18:$D$24,2,FALSE),"") | AC5: =INPUT!$B$9 | AF5: =IFERROR(VLOOKUP($AA$5,INPUT!$A$18:$D$24,3,FALSE),"") | AG5: =INPUT!$B$10 | AH5: =IFERROR(VLOOKUP($AA$5,INPUT!$A$18:$D$24,4,FALSE),"") | AI5: =INPUT!$B$11 | AJ5: =INPUT!$B$12 | AK5: =INPUT!$B$13 | AL5: =INPUT!$B$14 | AM5: =INPUT!$B$15 | BD5: =IFERROR(VLOOKUP($P$5,INPUT!$A$48:$I$156,7,FALSE),"") | BE5: =IFERROR(VLOOKUP($P$5,INPUT!$A$48:$I$156,8,FALSE),"") | BF5: =IFERROR(VLOOKUP($P$5,INPUT!$A$48:$I$156,9,FALSE),"") | BG5: =IF(TRIM($Q$5)<>"",TRIM($Q$5),TRIM($R$5))
A6: =INPUT!$B$5 | B6: 01 | G6: =INPUT!$B$6 | H6: =IFERROR(VLOOKUP($P$6,INPUT!$A$48:$I$156,6,FALSE),"") | P6: wouldyourather_a0201 | Q6: =IFERROR(VLOOKUP($P$6,INPUT!$A$48:$I$156,4,FALSE),"") | R6: =IFERROR(VLOOKUP($P$6,INPUT!$A$48:$I$156,3,FALSE),"") | U6: ="<aside><strong>🅰1️⃣"&$H$6&"</strong><br><br>🅰2️⃣___________<br><br>🅱1️⃣___________<br><br>🅱2️⃣___________></mark>" | Y6: =INPUT!$B$7 | Z6: =INPUT!$B$8 | AA6: =IFERROR(VLOOKUP($P$6,INPUT!$A$48:$I$156,5,FALSE),"") | AB6: =IFERROR(VLOOKUP($AA$6,INPUT!$A$18:$D$24,2,FALSE),"") | AC6: =INPUT!$B$9 | AF6: =IFERROR(VLOOKUP($AA$6,INPUT!$A$18:$D$24,3,FALSE),"") | AG6: =INPUT!$B$10 | AH6: =IFERROR(VLOOKUP($AA$6,INPUT!$A$18:$D$24,4,FALSE),"") | AI6: =INPUT!$B$11 | AJ6: =INPUT!$B$12 | AK6: =INPUT!$B$13 | AL6: =INPUT!$B$14 | AM6: =INPUT!$B$15 | BD6: =IFERROR(VLOOKUP($P$6,INPUT!$A$48:$I$156,7,FALSE),"") | BE6: =IFERROR(VLOOKUP($P$6,INPUT!$A$48:$I$156,8,FALSE),"") | BF6: =IFERROR(VLOOKUP($P$6,INPUT!$A$48:$I$156,9,FALSE),"") | BG6: =IF(TRIM($Q$6)<>"",TRIM($Q$6),TRIM($R$6))
A7: =INPUT!$B$5 | B7: 02 | G7: =INPUT!$B$6 | H7: =IFERROR(VLOOKUP($P$7,INPUT!$A$48:$I$156,6,FALSE),"") | P7: wouldyourather_a0202 | Q7: =IFERROR(VLOOKUP($P$7,INPUT!$A$48:$I$156,4,FALSE),"") | R7: =IFERROR(VLOOKUP($P$7,INPUT!$A$48:$I$156,3,FALSE),"") | U7: ="<aside>🅰1️⃣"&$H$6&"<br><br><strong>🅰2️⃣"&$H$7&"</strong><br><br>🅱1️⃣___________<br><br>🅱2️⃣___________</mark>" | Y7: =INPUT!$B$7 | Z7: =INPUT!$B$8 | AA7: =IFERROR(VLOOKUP($P$7,INPUT!$A$48:$I$156,5,FALSE),"") | AB7: =IFERROR(VLOOKUP($AA$7,INPUT!$A$18:$D$24,2,FALSE),"") | AC7: =INPUT!$B$9 | AF7: =IFERROR(VLOOKUP($AA$7,INPUT!$A$18:$D$24,3,FALSE),"") | AG7: =INPUT!$B$10 | AH7: =IFERROR(VLOOKUP($AA$7,INPUT!$A$18:$D$24,4,FALSE),"") | AI7: =INPUT!$B$11 | AJ7: =INPUT!$B$12 | AK7: =INPUT!$B$13 | AL7: =INPUT!$B$14 | AM7: =INPUT!$B$15 | BD7: =IFERROR(VLOOKUP($P$7,INPUT!$A$48:$I$156,7,FALSE),"") | BE7: =IFERROR(VLOOKUP($P$7,INPUT!$A$48:$I$156,8,FALSE),"") | BF7: =IFERROR(VLOOKUP($P$7,INPUT!$A$48:$I$156,9,FALSE),"") | BG7: =IF(TRIM($Q$7)<>"",TRIM($Q$7),TRIM($R$7))
A8: =INPUT!$B$5 | B8: 03 | G8: =INPUT!$B$6 | H8: =IFERROR(VLOOKUP($P$8,INPUT!$A$48:$I$156,6,FALSE),"") | P8: wouldyourather_a0203 | Q8: =IFERROR(VLOOKUP($P$8,INPUT!$A$48:$I$156,4,FALSE),"") | R8: =IFERROR(VLOOKUP($P$8,INPUT!$A$48:$I$156,3,FALSE),"") | U8: ="<aside>🅰1️⃣"&$H$6&"<br><br>🅰2️⃣"&$H$7&"<br><br><strong>🅱1️⃣"&$H$8&"</strong><br><br>🅱2️⃣___________</mark>" | Y8: =INPUT!$B$7 | Z8: =INPUT!$B$8 | AA8: =IFERROR(VLOOKUP($P$8,INPUT!$A$48:$I$156,5,FALSE),"") | AB8: =IFERROR(VLOOKUP($AA$8,INPUT!$A$18:$D$24,2,FALSE),"") | AC8: =INPUT!$B$9 | AF8: =IFERROR(VLOOKUP($AA$8,INPUT!$A$18:$D$24,3,FALSE),"") | AG8: =INPUT!$B$10 | AH8: =IFERROR(VLOOKUP($AA$8,INPUT!$A$18:$D$24,4,FALSE),"") | AI8: =INPUT!$B$11 | AJ8: =INPUT!$B$12 | AK8: =INPUT!$B$13 | AL8: =INPUT!$B$14 | AM8: =INPUT!$B$15 | BD8: =IFERROR(VLOOKUP($P$8,INPUT!$A$48:$I$156,7,FALSE),"") | BE8: =IFERROR(VLOOKUP($P$8,INPUT!$A$48:$I$156,8,FALSE),"") | BF8: =IFERROR(VLOOKUP($P$8,INPUT!$A$48:$I$156,9,FALSE),"") | BG8: =IF(TRIM($Q$8)<>"",TRIM($Q$8),TRIM($R$8))
A9: =INPUT!$B$5 | B9: 04 | G9: =INPUT!$B$6 | H9: =IFERROR(VLOOKUP($P$9,INPUT!$A$48:$I$156,6,FALSE),"") | P9: wouldyourather_a0204 | Q9: =IFERROR(VLOOKUP($P$9,INPUT!$A$48:$I$156,4,FALSE),"") | R9: =IFERROR(VLOOKUP($P$9,INPUT!$A$48:$I$156,3,FALSE),"") | U9: ="<aside>🅰1️⃣"&$H$6&"<br><br>🅰2️⃣"&$H$7&"<br><br>🅱1️⃣"&$H$8&"<br><br><strong>🅱2️⃣"&$H$9&"</mark>" | Y9: =INPUT!$B$7 | Z9: =INPUT!$B$8 | AA9: =IFERROR(VLOOKUP($P$9,INPUT!$A$48:$I$156,5,FALSE),"") | AB9: =IFERROR(VLOOKUP($AA$9,INPUT!$A$18:$D$24,2,FALSE),"") | AC9: =INPUT!$B$9 | AF9: =IFERROR(VLOOKUP($AA$9,INPUT!$A$18:$D$24,3,FALSE),"") | AG9: =INPUT!$B$10 | AH9: =IFERROR(VLOOKUP($AA$9,INPUT!$A$18:$D$24,4,FALSE),"") | AI9: =INPUT!$B$11 | AJ9: =INPUT!$B$12 | AK9: =INPUT!$B$13 | AL9: =INPUT!$B$14 | AM9: =INPUT!$B$15 | BD9: =IFERROR(VLOOKUP($P$9,INPUT!$A$48:$I$156,7,FALSE),"") | BE9: =IFERROR(VLOOKUP($P$9,INPUT!$A$48:$I$156,8,FALSE),"") | BF9: =IFERROR(VLOOKUP($P$9,INPUT!$A$48:$I$156,9,FALSE),"") | BG9: =IF(TRIM($Q$9)<>"",TRIM($Q$9),TRIM($R$9))
A10: =INPUT!$B$5 | B10: 01 | G10: =INPUT!$B$6 | H10: =IFERROR(VLOOKUP($P$10,INPUT!$A$48:$I$156,6,FALSE),"") | P10: wouldyourather_a0301 | Q10: =IFERROR(VLOOKUP($P$10,INPUT!$A$48:$I$156,4,FALSE),"") | R10: =IFERROR(VLOOKUP($P$10,INPUT!$A$48:$I$156,3,FALSE),"") | U10: ="<aside><strong>🅰1️⃣"&$H$10&"</strong><br><br>🅰2️⃣___________<br><br>🅱1️⃣___________<br><br>🅱2️⃣___________></mark>" | Y10: =INPUT!$B$7 | Z10: =INPUT!$B$8 | AA10: =IFERROR(VLOOKUP($P$10,INPUT!$A$48:$I$156,5,FALSE),"") | AB10: =IFERROR(VLOOKUP($AA$10,INPUT!$A$18:$D$24,2,FALSE),"") | AC10: =INPUT!$B$9 | AF10: =IFERROR(VLOOKUP($AA$10,INPUT!$A$18:$D$24,3,FALSE),"") | AG10: =INPUT!$B$10 | AH10: =IFERROR(VLOOKUP($AA$10,INPUT!$A$18:$D$24,4,FALSE),"") | AI10: =INPUT!$B$11 | AJ10: =INPUT!$B$12 | AK10: =INPUT!$B$13 | AL10: =INPUT!$B$14 | AM10: =INPUT!$B$15 | BD10: =IFERROR(VLOOKUP($P$10,INPUT!$A$48:$I$156,7,FALSE),"") | BE10: =IFERROR(VLOOKUP($P$10,INPUT!$A$48:$I$156,8,FALSE),"") | BF10: =IFERROR(VLOOKUP($P$10,INPUT!$A$48:$I$156,9,FALSE),"") | BG10: =IF(TRIM($Q$10)<>"",TRIM($Q$10),TRIM($R$10))
A11: =INPUT!$B$5 | B11: 02 | G11: =INPUT!$B$6 | H11: =IFERROR(VLOOKUP($P$11,INPUT!$A$48:$I$156,6,FALSE),"") | P11: wouldyourather_a0302 | Q11: =IFERROR(VLOOKUP($P$11,INPUT!$A$48:$I$156,4,FALSE),"") | R11: =IFERROR(VLOOKUP($P$11,INPUT!$A$48:$I$156,3,FALSE),"") | U11: ="<aside>🅰1️⃣"&$H$10&"<br><br><strong>🅰2️⃣"&$H$11&"</strong><br><br>🅱1️⃣___________<br><br>🅱2️⃣___________</mark>" | Y11: =INPUT!$B$7 | Z11: =INPUT!$B$8 | AA11: =IFERROR(VLOOKUP($P$11,INPUT!$A$48:$I$156,5,FALSE),"") | AB11: =IFERROR(VLOOKUP($AA$11,INPUT!$A$18:$D$24,2,FALSE),"") | AC11: =INPUT!$B$9 | AF11: =IFERROR(VLOOKUP($AA$11,INPUT!$A$18:$D$24,3,FALSE),"") | AG11: =INPUT!$B$10 | AH11: =IFERROR(VLOOKUP($AA$11,INPUT!$A$18:$D$24,4,FALSE),"") | AI11: =INPUT!$B$11 | AJ11: =INPUT!$B$12 | AK11: =INPUT!$B$13 | AL11: =INPUT!$B$14 | AM11: =INPUT!$B$15 | BD11: =IFERROR(VLOOKUP($P$11,INPUT!$A$48:$I$156,7,FALSE),"") | BE11: =IFERROR(VLOOKUP($P$11,INPUT!$A$48:$I$156,8,FALSE),"") | BF11: =IFERROR(VLOOKUP($P$11,INPUT!$A$48:$I$156,9,FALSE),"") | BG11: =IF(TRIM($Q$11)<>"",TRIM($Q$11),TRIM($R$11))
A12: =INPUT!$B$5 | B12: 03 | G12: =INPUT!$B$6 | H12: =IFERROR(VLOOKUP($P$12,INPUT!$A$48:$I$156,6,FALSE),"") | P12: wouldyourather_a0303 | Q12: =IFERROR(VLOOKUP($P$12,INPUT!$A$48:$I$156,4,FALSE),"") | R12: =IFERROR(VLOOKUP($P$12,INPUT!$A$48:$I$156,3,FALSE),"") | U12: ="<aside>🅰1️⃣"&$H$10&"<br><br>🅰2️⃣"&$H$11&"<br><br><strong>🅱1️⃣"&$H$12&"</strong><br><br>🅱2️⃣___________</mark>" | Y12: =INPUT!$B$7 | Z12: =INPUT!$B$8 | AA12: =IFERROR(VLOOKUP($P$12,INPUT!$A$48:$I$156,5,FALSE),"") | AB12: =IFERROR(VLOOKUP($AA$12,INPUT!$A$18:$D$24,2,FALSE),"") | AC12: =INPUT!$B$9 | AF12: =IFERROR(VLOOKUP($AA$12,INPUT!$A$18:$D$24,3,FALSE),"") | AG12: =INPUT!$B$10 | AH12: =IFERROR(VLOOKUP($AA$12,INPUT!$A$18:$D$24,4,FALSE),"") | AI12: =INPUT!$B$11 | AJ12: =INPUT!$B$12 | AK12: =INPUT!$B$13 | AL12: =INPUT!$B$14 | AM12: =INPUT!$B$15 | BD12: =IFERROR(VLOOKUP($P$12,INPUT!$A$48:$I$156,7,FALSE),"") | BE12: =IFERROR(VLOOKUP($P$12,INPUT!$A$48:$I$156,8,FALSE),"") | BF12: =IFERROR(VLOOKUP($P$12,INPUT!$A$48:$I$156,9,FALSE),"") | BG12: =IF(TRIM($Q$12)<>"",TRIM($Q$12),TRIM($R$12))
A13: =INPUT!$B$5 | B13: 04 | G13: =INPUT!$B$6 | H13: =IFERROR(VLOOKUP($P$13,INPUT!$A$48:$I$156,6,FALSE),"") | P13: wouldyourather_a0304 | Q13: =IFERROR(VLOOKUP($P$13,INPUT!$A$48:$I$156,4,FALSE),"") | R13: =IFERROR(VLOOKUP($P$13,INPUT!$A$48:$I$156,3,FALSE),"") | U13: ="<aside>🅰1️⃣"&$H$10&"<br><br>🅰2️⃣"&$H$11&"<br><br>🅱1️⃣"&$H$12&"<br><br><strong>🅱2️⃣"&$H$13&"</mark>" | Y13: =INPUT!$B$7 | Z13: =INPUT!$B$8 | AA13: =IFERROR(VLOOKUP($P$13,INPUT!$A$48:$I$156,5,FALSE),"") | AB13: =IFERROR(VLOOKUP($AA$13,INPUT!$A$18:$D$24,2,FALSE),"") | AC13: =INPUT!$B$9 | AF13: =IFERROR(VLOOKUP($AA$13,INPUT!$A$18:$D$24,3,FALSE),"") | AG13: =INPUT!$B$10 | AH13: =IFERROR(VLOOKUP($AA$13,INPUT!$A$18:$D$24,4,FALSE),"") | AI13: =INPUT!$B$11 | AJ13: =INPUT!$B$12 | AK13: =INPUT!$B$13 | AL13: =INPUT!$B$14 | AM13: =INPUT!$B$15 | BD13: =IFERROR(VLOOKUP($P$13,INPUT!$A$48:$I$156,7,FALSE),"") | BE13: =IFERROR(VLOOKUP($P$13,INPUT!$A$48:$I$156,8,FALSE),"") | BF13: =IFERROR(VLOOKUP($P$13,INPUT!$A$48:$I$156,9,FALSE),"") | BG13: =IF(TRIM($Q$13)<>"",TRIM($Q$13),TRIM($R$13))
A14: =INPUT!$B$5 | B14: 01 | G14: =INPUT!$B$6 | H14: =IFERROR(VLOOKUP($P$14,INPUT!$A$48:$I$156,6,FALSE),"") | P14: wouldyourather_b01_i01 | Q14: =IFERROR(VLOOKUP($P$14,INPUT!$A$48:$I$156,4,FALSE),"") | R14: =IFERROR(VLOOKUP($P$14,INPUT!$A$48:$I$156,3,FALSE),"") | U14: ="<aside><strong>🅰1️⃣"&$H$14&"</strong><br><br>🅰2️⃣___________<br><br>🅱1️⃣___________<br><br>🅱2️⃣___________></mark>" | Y14: =INPUT!$B$7 | Z14: =INPUT!$B$8 | AA14: =IFERROR(VLOOKUP($P$14,INPUT!$A$48:$I$156,5,FALSE),"") | AB14: =IFERROR(VLOOKUP($AA$14,INPUT!$A$18:$D$24,2,FALSE),"") | AC14: =INPUT!$B$9 | AF14: =IFERROR(VLOOKUP($AA$14,INPUT!$A$18:$D$24,3,FALSE),"") | AG14: =INPUT!$B$10 | AH14: =IFERROR(VLOOKUP($AA$14,INPUT!$A$18:$D$24,4,FALSE),"") | AI14: =INPUT!$B$11 | AJ14: =INPUT!$B$12 | AK14: =INPUT!$B$13 | AL14: =INPUT!$B$14 | AM14: =INPUT!$B$15 | BD14: =IFERROR(VLOOKUP($P$14,INPUT!$A$48:$I$156,7,FALSE),"") | BE14: =IFERROR(VLOOKUP($P$14,INPUT!$A$48:$I$156,8,FALSE),"") | BF14: =IFERROR(VLOOKUP($P$14,INPUT!$A$48:$I$156,9,FALSE),"") | BG14: =IF(TRIM($Q$14)<>"",TRIM($Q$14),TRIM($R$14))
A15: =INPUT!$B$5 | B15: 02 | G15: =INPUT!$B$6 | H15: =IFERROR(VLOOKUP($P$15,INPUT!$A$48:$I$156,6,FALSE),"") | P15: wouldyourather_b01_i02 | Q15: =IFERROR(VLOOKUP($P$15,INPUT!$A$48:$I$156,4,FALSE),"") | R15: =IFERROR(VLOOKUP($P$15,INPUT!$A$48:$I$156,3,FALSE),"") | U15: ="<aside>🅰1️⃣"&$H$14&"<br><br><strong>🅰2️⃣"&$H$15&"</strong><br><br>🅱1️⃣___________<br><br>🅱2️⃣___________</mark>" | Y15: =INPUT!$B$7 | Z15: =INPUT!$B$8 | AA15: =IFERROR(VLOOKUP($P$15,INPUT!$A$48:$I$156,5,FALSE),"") | AB15: =IFERROR(VLOOKUP($AA$15,INPUT!$A$18:$D$24,2,FALSE),"") | AC15: =INPUT!$B$9 | AF15: =IFERROR(VLOOKUP($AA$15,INPUT!$A$18:$D$24,3,FALSE),"") | AG15: =INPUT!$B$10 | AH15: =IFERROR(VLOOKUP($AA$15,INPUT!$A$18:$D$24,4,FALSE),"") | AI15: =INPUT!$B$11 | AJ15: =INPUT!$B$12 | AK15: =INPUT!$B$13 | AL15: =INPUT!$B$14 | AM15: =INPUT!$B$15 | BD15: =IFERROR(VLOOKUP($P$15,INPUT!$A$48:$I$156,7,FALSE),"") | BE15: =IFERROR(VLOOKUP($P$15,INPUT!$A$48:$I$156,8,FALSE),"") | BF15: =IFERROR(VLOOKUP($P$15,INPUT!$A$48:$I$156,9,FALSE),"") | BG15: =IF(TRIM($Q$15)<>"",TRIM($Q$15),TRIM($R$15))
A16: =INPUT!$B$5 | B16: 03 | G16: =INPUT!$B$6 | H16: =IFERROR(VLOOKUP($P$16,INPUT!$A$48:$I$156,6,FALSE),"") | P16: wouldyourather_b01_i03 | Q16: =IFERROR(VLOOKUP($P$16,INPUT!$A$48:$I$156,4,FALSE),"") | R16: =IFERROR(VLOOKUP($P$16,INPUT!$A$48:$I$156,3,FALSE),"") | U16: ="<aside>🅰1️⃣"&$H$14&"<br><br>🅰2️⃣"&$H$15&"<br><br><strong>🅱1️⃣"&$H$16&"</strong><br><br>🅱2️⃣___________</mark>" | Y16: =INPUT!$B$7 | Z16: =INPUT!$B$8 | AA16: =IFERROR(VLOOKUP($P$16,INPUT!$A$48:$I$156,5,FALSE),"") | AB16: =IFERROR(VLOOKUP($AA$16,INPUT!$A$18:$D$24,2,FALSE),"") | AC16: =INPUT!$B$9 | AF16: =IFERROR(VLOOKUP($AA$16,INPUT!$A$18:$D$24,3,FALSE),"") | AG16: =INPUT!$B$10 | AH16: =IFERROR(VLOOKUP($AA$16,INPUT!$A$18:$D$24,4,FALSE),"") | AI16: =INPUT!$B$11 | AJ16: =INPUT!$B$12 | AK16: =INPUT!$B$13 | AL16: =INPUT!$B$14 | AM16: =INPUT!$B$15 | BD16: =IFERROR(VLOOKUP($P$16,INPUT!$A$48:$I$156,7,FALSE),"") | BE16: =IFERROR(VLOOKUP($P$16,INPUT!$A$48:$I$156,8,FALSE),"") | BF16: =IFERROR(VLOOKUP($P$16,INPUT!$A$48:$I$156,9,FALSE),"") | BG16: =IF(TRIM($Q$16)<>"",TRIM($Q$16),TRIM($R$16))
A17: =INPUT!$B$5 | B17: 04 | G17: =INPUT!$B$6 | H17: =IFERROR(VLOOKUP($P$17,INPUT!$A$48:$I$156,6,FALSE),"") | P17: wouldyourather_b01_i04 | Q17: =IFERROR(VLOOKUP($P$17,INPUT!$A$48:$I$156,4,FALSE),"") | R17: =IFERROR(VLOOKUP($P$17,INPUT!$A$48:$I$156,3,FALSE),"") | U17: ="<aside>🅰1️⃣"&$H$14&"<br><br>🅰2️⃣"&$H$15&"<br><br>🅱1️⃣"&$H$16&"<br><br><strong>🅱2️⃣"&$H$17&"</mark>" | Y17: =INPUT!$B$7 | Z17: =INPUT!$B$8 | AA17: =IFERROR(VLOOKUP($P$17,INPUT!$A$48:$I$156,5,FALSE),"") | AB17: =IFERROR(VLOOKUP($AA$17,INPUT!$A$18:$D$24,2,FALSE),"") | AC17: =INPUT!$B$9 | AF17: =IFERROR(VLOOKUP($AA$17,INPUT!$A$18:$D$24,3,FALSE),"") | AG17: =INPUT!$B$10 | AH17: =IFERROR(VLOOKUP($AA$17,INPUT!$A$18:$D$24,4,FALSE),"") | AI17: =INPUT!$B$11 | AJ17: =INPUT!$B$12 | AK17: =INPUT!$B$13 | AL17: =INPUT!$B$14 | AM17: =INPUT!$B$15 | BD17: =IFERROR(VLOOKUP($P$17,INPUT!$A$48:$I$156,7,FALSE),"") | BE17: =IFERROR(VLOOKUP($P$17,INPUT!$A$48:$I$156,8,FALSE),"") | BF17: =IFERROR(VLOOKUP($P$17,INPUT!$A$48:$I$156,9,FALSE),"") | BG17: =IF(TRIM($Q$17)<>"",TRIM($Q$17),TRIM($R$17))
A18: =INPUT!$B$5 | B18: 01 | G18: =INPUT!$B$6 | H18: =IFERROR(VLOOKUP($P$18,INPUT!$A$48:$I$156,6,FALSE),"") | P18: wouldyourather_b01_ii01 | Q18: =IFERROR(VLOOKUP($P$18,INPUT!$A$48:$I$156,4,FALSE),"") | R18: =IFERROR(VLOOKUP($P$18,INPUT!$A$48:$I$156,3,FALSE),"") | U18: ="<aside><strong>🅰1️⃣"&$H$18&"</strong><br><br>🅰2️⃣___________<br><br>🅱1️⃣___________<br><br>🅱2️⃣___________></mark>" | Y18: =INPUT!$B$7 | Z18: =INPUT!$B$8 | AA18: =IFERROR(VLOOKUP($P$18,INPUT!$A$48:$I$156,5,FALSE),"") | AB18: =IFERROR(VLOOKUP($AA$18,INPUT!$A$18:$D$24,2,FALSE),"") | AC18: =INPUT!$B$9 | AF18: =IFERROR(VLOOKUP($AA$18,INPUT!$A$18:$D$24,3,FALSE),"") | AG18: =INPUT!$B$10 | AH18: =IFERROR(VLOOKUP($AA$18,INPUT!$A$18:$D$24,4,FALSE),"") | AI18: =INPUT!$B$11 | AJ18: =INPUT!$B$12 | AK18: =INPUT!$B$13 | AL18: =INPUT!$B$14 | AM18: =INPUT!$B$15 | BD18: =IFERROR(VLOOKUP($P$18,INPUT!$A$48:$I$156,7,FALSE),"") | BE18: =IFERROR(VLOOKUP($P$18,INPUT!$A$48:$I$156,8,FALSE),"") | BF18: =IFERROR(VLOOKUP($P$18,INPUT!$A$48:$I$156,9,FALSE),"") | BG18: =IF(TRIM($Q$18)<>"",TRIM($Q$18),TRIM($R$18))
A19: =INPUT!$B$5 | B19: 02 | G19: =INPUT!$B$6 | H19: =IFERROR(VLOOKUP($P$19,INPUT!$A$48:$I$156,6,FALSE),"") | P19: wouldyourather_b01_ii02 | Q19: =IFERROR(VLOOKUP($P$19,INPUT!$A$48:$I$156,4,FALSE),"") | R19: =IFERROR(VLOOKUP($P$19,INPUT!$A$48:$I$156,3,FALSE),"") | U19: ="<aside>🅰1️⃣"&$H$18&"<br><br><strong>🅰2️⃣"&$H$19&"</strong><br><br>🅱1️⃣___________<br><br>🅱2️⃣___________</mark>" | Y19: =INPUT!$B$7 | Z19: =INPUT!$B$8 | AA19: =IFERROR(VLOOKUP($P$19,INPUT!$A$48:$I$156,5,FALSE),"") | AB19: =IFERROR(VLOOKUP($AA$19,INPUT!$A$18:$D$24,2,FALSE),"") | AC19: =INPUT!$B$9 | AF19: =IFERROR(VLOOKUP($AA$19,INPUT!$A$18:$D$24,3,FALSE),"") | AG19: =INPUT!$B$10 | AH19: =IFERROR(VLOOKUP($AA$19,INPUT!$A$18:$D$24,4,FALSE),"") | AI19: =INPUT!$B$11 | AJ19: =INPUT!$B$12 | AK19: =INPUT!$B$13 | AL19: =INPUT!$B$14 | AM19: =INPUT!$B$15 | BD19: =IFERROR(VLOOKUP($P$19,INPUT!$A$48:$I$156,7,FALSE),"") | BE19: =IFERROR(VLOOKUP($P$19,INPUT!$A$48:$I$156,8,FALSE),"") | BF19: =IFERROR(VLOOKUP($P$19,INPUT!$A$48:$I$156,9,FALSE),"") | BG19: =IF(TRIM($Q$19)<>"",TRIM($Q$19),TRIM($R$19))
A20: =INPUT!$B$5 | B20: 03 | G20: =INPUT!$B$6 | H20: =IFERROR(VLOOKUP($P$20,INPUT!$A$48:$I$156,6,FALSE),"") | P20: wouldyourather_b01_ii03 | Q20: =IFERROR(VLOOKUP($P$20,INPUT!$A$48:$I$156,4,FALSE),"") | R20: =IFERROR(VLOOKUP($P$20,INPUT!$A$48:$I$156,3,FALSE),"") | U20: ="<aside>🅰1️⃣"&$H$18&"<br><br>🅰2️⃣"&$H$19&"<br><br><strong>🅱1️⃣"&$H$20&"</strong><br><br>🅱2️⃣___________</mark>" | Y20: =INPUT!$B$7 | Z20: =INPUT!$B$8 | AA20: =IFERROR(VLOOKUP($P$20,INPUT!$A$48:$I$156,5,FALSE),"") | AB20: =IFERROR(VLOOKUP($AA$20,INPUT!$A$18:$D$24,2,FALSE),"") | AC20: =INPUT!$B$9 | AF20: =IFERROR(VLOOKUP($AA$20,INPUT!$A$18:$D$24,3,FALSE),"") | AG20: =INPUT!$B$10 | AH20: =IFERROR(VLOOKUP($AA$20,INPUT!$A$18:$D$24,4,FALSE),"") | AI20: =INPUT!$B$11 | AJ20: =INPUT!$B$12 | AK20: =INPUT!$B$13 | AL20: =INPUT!$B$14 | AM20: =INPUT!$B$15 | BD20: =IFERROR(VLOOKUP($P$20,INPUT!$A$48:$I$156,7,FALSE),"") | BE20: =IFERROR(VLOOKUP($P$20,INPUT!$A$48:$I$156,8,FALSE),"") | BF20: =IFERROR(VLOOKUP($P$20,INPUT!$A$48:$I$156,9,FALSE),"") | BG20: =IF(TRIM($Q$20)<>"",TRIM($Q$20),TRIM($R$20))
A21: =INPUT!$B$5 | B21: 04 | G21: =INPUT!$B$6 | H21: =IFERROR(VLOOKUP($P$21,INPUT!$A$48:$I$156,6,FALSE),"") | P21: wouldyourather_b01_ii04 | Q21: =IFERROR(VLOOKUP($P$21,INPUT!$A$48:$I$156,4,FALSE),"") | R21: =IFERROR(VLOOKUP($P$21,INPUT!$A$48:$I$156,3,FALSE),"") | U21: ="<aside>🅰1️⃣"&$H$18&"<br><br>🅰2️⃣"&$H$19&"<br><br>🅱1️⃣"&$H$20&"<br><br><strong>🅱2️⃣"&$H$21&"</mark>" | Y21: =INPUT!$B$7 | Z21: =INPUT!$B$8 | AA21: =IFERROR(VLOOKUP($P$21,INPUT!$A$48:$I$156,5,FALSE),"") | AB21: =IFERROR(VLOOKUP($AA$21,INPUT!$A$18:$D$24,2,FALSE),"") | AC21: =INPUT!$B$9 | AF21: =IFERROR(VLOOKUP($AA$21,INPUT!$A$18:$D$24,3,FALSE),"") | AG21: =INPUT!$B$10 | AH21: =IFERROR(VLOOKUP($AA$21,INPUT!$A$18:$D$24,4,FALSE),"") | AI21: =INPUT!$B$11 | AJ21: =INPUT!$B$12 | AK21: =INPUT!$B$13 | AL21: =INPUT!$B$14 | AM21: =INPUT!$B$15 | BD21: =IFERROR(VLOOKUP($P$21,INPUT!$A$48:$I$156,7,FALSE),"") | BE21: =IFERROR(VLOOKUP($P$21,INPUT!$A$48:$I$156,8,FALSE),"") | BF21: =IFERROR(VLOOKUP($P$21,INPUT!$A$48:$I$156,9,FALSE),"") | BG21: =IF(TRIM($Q$21)<>"",TRIM($Q$21),TRIM($R$21))
A22: =INPUT!$B$5 | B22: 01 | G22: =INPUT!$B$6 | H22: =IFERROR(VLOOKUP($P$22,INPUT!$A$48:$I$156,6,FALSE),"") | P22: wouldyourather_b02_i01 | Q22: =IFERROR(VLOOKUP($P$22,INPUT!$A$48:$I$156,4,FALSE),"") | R22: =IFERROR(VLOOKUP($P$22,INPUT!$A$48:$I$156,3,FALSE),"") | U22: ="<aside><strong>🅰1️⃣"&$H$22&"</strong><br><br>🅰2️⃣___________<br><br>🅱1️⃣___________<br><br>🅱2️⃣___________></mark>" | Y22: =INPUT!$B$7 | Z22: =INPUT!$B$8 | AA22: =IFERROR(VLOOKUP($P$22,INPUT!$A$48:$I$156,5,FALSE),"") | AB22: =IFERROR(VLOOKUP($AA$22,INPUT!$A$18:$D$24,2,FALSE),"") | AC22: =INPUT!$B$9 | AF22: =IFERROR(VLOOKUP($AA$22,INPUT!$A$18:$D$24,3,FALSE),"") | AG22: =INPUT!$B$10 | AH22: =IFERROR(VLOOKUP($AA$22,INPUT!$A$18:$D$24,4,FALSE),"") | AI22: =INPUT!$B$11 | AJ22: =INPUT!$B$12 | AK22: =INPUT!$B$13 | AL22: =INPUT!$B$14 | AM22: =INPUT!$B$15 | BD22: =IFERROR(VLOOKUP($P$22,INPUT!$A$48:$I$156,7,FALSE),"") | BE22: =IFERROR(VLOOKUP($P$22,INPUT!$A$48:$I$156,8,FALSE),"") | BF22: =IFERROR(VLOOKUP($P$22,INPUT!$A$48:$I$156,9,FALSE),"") | BG22: =IF(TRIM($Q$22)<>"",TRIM($Q$22),TRIM($R$22))
A23: =INPUT!$B$5 | B23: 02 | G23: =INPUT!$B$6 | H23: =IFERROR(VLOOKUP($P$23,INPUT!$A$48:$I$156,6,FALSE),"") | P23: wouldyourather_b02_i02 | Q23: =IFERROR(VLOOKUP($P$23,INPUT!$A$48:$I$156,4,FALSE),"") | R23: =IFERROR(VLOOKUP($P$23,INPUT!$A$48:$I$156,3,FALSE),"") | U23: ="<aside>🅰1️⃣"&$H$22&"<br><br><strong>🅰2️⃣"&$H$23&"</strong><br><br>🅱1️⃣___________<br><br>🅱2️⃣___________</mark>" | Y23: =INPUT!$B$7 | Z23: =INPUT!$B$8 | AA23: =IFERROR(VLOOKUP($P$23,INPUT!$A$48:$I$156,5,FALSE),"") | AB23: =IFERROR(VLOOKUP($AA$23,INPUT!$A$18:$D$24,2,FALSE),"") | AC23: =INPUT!$B$9 | AF23: =IFERROR(VLOOKUP($AA$23,INPUT!$A$18:$D$24,3,FALSE),"") | AG23: =INPUT!$B$10 | AH23: =IFERROR(VLOOKUP($AA$23,INPUT!$A$18:$D$24,4,FALSE),"") | AI23: =INPUT!$B$11 | AJ23: =INPUT!$B$12 | AK23: =INPUT!$B$13 | AL23: =INPUT!$B$14 | AM23: =INPUT!$B$15 | BD23: =IFERROR(VLOOKUP($P$23,INPUT!$A$48:$I$156,7,FALSE),"") | BE23: =IFERROR(VLOOKUP($P$23,INPUT!$A$48:$I$156,8,FALSE),"") | BF23: =IFERROR(VLOOKUP($P$23,INPUT!$A$48:$I$156,9,FALSE),"") | BG23: =IF(TRIM($Q$23)<>"",TRIM($Q$23),TRIM($R$23))
A24: =INPUT!$B$5 | B24: 03 | G24: =INPUT!$B$6 | H24: =IFERROR(VLOOKUP($P$24,INPUT!$A$48:$I$156,6,FALSE),"") | P24: wouldyourather_b02_i03 | Q24: =IFERROR(VLOOKUP($P$24,INPUT!$A$48:$I$156,4,FALSE),"") | R24: =IFERROR(VLOOKUP($P$24,INPUT!$A$48:$I$156,3,FALSE),"") | U24: ="<aside>🅰1️⃣"&$H$22&"<br><br>🅰2️⃣"&$H$23&"<br><br><strong>🅱1️⃣"&$H$24&"</strong><br><br>🅱2️⃣___________</mark>" | Y24: =INPUT!$B$7 | Z24: =INPUT!$B$8 | AA24: =IFERROR(VLOOKUP($P$24,INPUT!$A$48:$I$156,5,FALSE),"") | AB24: =IFERROR(VLOOKUP($AA$24,INPUT!$A$18:$D$24,2,FALSE),"") | AC24: =INPUT!$B$9 | AF24: =IFERROR(VLOOKUP($AA$24,INPUT!$A$18:$D$24,3,FALSE),"") | AG24: =INPUT!$B$10 | AH24: =IFERROR(VLOOKUP($AA$24,INPUT!$A$18:$D$24,4,FALSE),"") | AI24: =INPUT!$B$11 | AJ24: =INPUT!$B$12 | AK24: =INPUT!$B$13 | AL24: =INPUT!$B$14 | AM24: =INPUT!$B$15 | BD24: =IFERROR(VLOOKUP($P$24,INPUT!$A$48:$I$156,7,FALSE),"") | BE24: =IFERROR(VLOOKUP($P$24,INPUT!$A$48:$I$156,8,FALSE),"") | BF24: =IFERROR(VLOOKUP($P$24,INPUT!$A$48:$I$156,9,FALSE),"") | BG24: =IF(TRIM($Q$24)<>"",TRIM($Q$24),TRIM($R$24))
A25: =INPUT!$B$5 | B25: 04 | G25: =INPUT!$B$6 | H25: =IFERROR(VLOOKUP($P$25,INPUT!$A$48:$I$156,6,FALSE),"") | P25: wouldyourather_b02_i04 | Q25: =IFERROR(VLOOKUP($P$25,INPUT!$A$48:$I$156,4,FALSE),"") | R25: =IFERROR(VLOOKUP($P$25,INPUT!$A$48:$I$156,3,FALSE),"") | U25: ="<aside>🅰1️⃣"&$H$22&"<br><br>🅰2️⃣"&$H$23&"<br><br>🅱1️⃣"&$H$24&"<br><br><strong>🅱2️⃣"&$H$25&"</mark>" | Y25: =INPUT!$B$7 | Z25: =INPUT!$B$8 | AA25: =IFERROR(VLOOKUP($P$25,INPUT!$A$48:$I$156,5,FALSE),"") | AB25: =IFERROR(VLOOKUP($AA$25,INPUT!$A$18:$D$24,2,FALSE),"") | AC25: =INPUT!$B$9 | AF25: =IFERROR(VLOOKUP($AA$25,INPUT!$A$18:$D$24,3,FALSE),"") | AG25: =INPUT!$B$10 | AH25: =IFERROR(VLOOKUP($AA$25,INPUT!$A$18:$D$24,4,FALSE),"") | AI25: =INPUT!$B$11 | AJ25: =INPUT!$B$12 | AK25: =INPUT!$B$13 | AL25: =INPUT!$B$14 | AM25: =INPUT!$B$15 | BD25: =IFERROR(VLOOKUP($P$25,INPUT!$A$48:$I$156,7,FALSE),"") | BE25: =IFERROR(VLOOKUP($P$25,INPUT!$A$48:$I$156,8,FALSE),"") | BF25: =IFERROR(VLOOKUP($P$25,INPUT!$A$48:$I$156,9,FALSE),"") | BG25: =IF(TRIM($Q$25)<>"",TRIM($Q$25),TRIM($R$25))
A26: =INPUT!$B$5 | B26: 01 | G26: =INPUT!$B$6 | H26: =IFERROR(VLOOKUP($P$26,INPUT!$A$48:$I$156,6,FALSE),"") | P26: wouldyourather_b02_ii01 | Q26: =IFERROR(VLOOKUP($P$26,INPUT!$A$48:$I$156,4,FALSE),"") | R26: =IFERROR(VLOOKUP($P$26,INPUT!$A$48:$I$156,3,FALSE),"") | U26: ="<aside><strong>🅰1️⃣"&$H$26&"</strong><br><br>🅰2️⃣___________<br><br>🅱1️⃣___________<br><br>🅱2️⃣___________></mark>" | Y26: =INPUT!$B$7 | Z26: =INPUT!$B$8 | AA26: =IFERROR(VLOOKUP($P$26,INPUT!$A$48:$I$156,5,FALSE),"") | AB26: =IFERROR(VLOOKUP($AA$26,INPUT!$A$18:$D$24,2,FALSE),"") | AC26: =INPUT!$B$9 | AF26: =IFERROR(VLOOKUP($AA$26,INPUT!$A$18:$D$24,3,FALSE),"") | AG26: =INPUT!$B$10 | AH26: =IFERROR(VLOOKUP($AA$26,INPUT!$A$18:$D$24,4,FALSE),"") | AI26: =INPUT!$B$11 | AJ26: =INPUT!$B$12 | AK26: =INPUT!$B$13 | AL26: =INPUT!$B$14 | AM26: =INPUT!$B$15 | BD26: =IFERROR(VLOOKUP($P$26,INPUT!$A$48:$I$156,7,FALSE),"") | BE26: =IFERROR(VLOOKUP($P$26,INPUT!$A$48:$I$156,8,FALSE),"") | BF26: =IFERROR(VLOOKUP($P$26,INPUT!$A$48:$I$156,9,FALSE),"") | BG26: =IF(TRIM($Q$26)<>"",TRIM($Q$26),TRIM($R$26))
A27: =INPUT!$B$5 | B27: 02 | G27: =INPUT!$B$6 | H27: =IFERROR(VLOOKUP($P$27,INPUT!$A$48:$I$156,6,FALSE),"") | P27: wouldyourather_b02_ii02 | Q27: =IFERROR(VLOOKUP($P$27,INPUT!$A$48:$I$156,4,FALSE),"") | R27: =IFERROR(VLOOKUP($P$27,INPUT!$A$48:$I$156,3,FALSE),"") | U27: ="<aside>🅰1️⃣"&$H$26&"<br><br><strong>🅰2️⃣"&$H$27&"</strong><br><br>🅱1️⃣___________<br><br>🅱2️⃣___________</mark>" | Y27: =INPUT!$B$7 | Z27: =INPUT!$B$8 | AA27: =IFERROR(VLOOKUP($P$27,INPUT!$A$48:$I$156,5,FALSE),"") | AB27: =IFERROR(VLOOKUP($AA$27,INPUT!$A$18:$D$24,2,FALSE),"") | AC27: =INPUT!$B$9 | AF27: =IFERROR(VLOOKUP($AA$27,INPUT!$A$18:$D$24,3,FALSE),"") | AG27: =INPUT!$B$10 | AH27: =IFERROR(VLOOKUP($AA$27,INPUT!$A$18:$D$24,4,FALSE),"") | AI27: =INPUT!$B$11 | AJ27: =INPUT!$B$12 | AK27: =INPUT!$B$13 | AL27: =INPUT!$B$14 | AM27: =INPUT!$B$15 | BD27: =IFERROR(VLOOKUP($P$27,INPUT!$A$48:$I$156,7,FALSE),"") | BE27: =IFERROR(VLOOKUP($P$27,INPUT!$A$48:$I$156,8,FALSE),"") | BF27: =IFERROR(VLOOKUP($P$27,INPUT!$A$48:$I$156,9,FALSE),"") | BG27: =IF(TRIM($Q$27)<>"",TRIM($Q$27),TRIM($R$27))
A28: =INPUT!$B$5 | B28: 03 | G28: =INPUT!$B$6 | H28: =IFERROR(VLOOKUP($P$28,INPUT!$A$48:$I$156,6,FALSE),"") | P28: wouldyourather_b02_ii03 | Q28: =IFERROR(VLOOKUP($P$28,INPUT!$A$48:$I$156,4,FALSE),"") | R28: =IFERROR(VLOOKUP($P$28,INPUT!$A$48:$I$156,3,FALSE),"") | U28: ="<aside>🅰1️⃣"&$H$26&"<br><br>🅰2️⃣"&$H$27&"<br><br><strong>🅱1️⃣"&$H$28&"</strong><br><br>🅱2️⃣___________</mark>" | Y28: =INPUT!$B$7 | Z28: =INPUT!$B$8 | AA28: =IFERROR(VLOOKUP($P$28,INPUT!$A$48:$I$156,5,FALSE),"") | AB28: =IFERROR(VLOOKUP($AA$28,INPUT!$A$18:$D$24,2,FALSE),"") | AC28: =INPUT!$B$9 | AF28: =IFERROR(VLOOKUP($AA$28,INPUT!$A$18:$D$24,3,FALSE),"") | AG28: =INPUT!$B$10 | AH28: =IFERROR(VLOOKUP($AA$28,INPUT!$A$18:$D$24,4,FALSE),"") | AI28: =INPUT!$B$11 | AJ28: =INPUT!$B$12 | AK28: =INPUT!$B$13 | AL28: =INPUT!$B$14 | AM28: =INPUT!$B$15 | BD28: =IFERROR(VLOOKUP($P$28,INPUT!$A$48:$I$156,7,FALSE),"") | BE28: =IFERROR(VLOOKUP($P$28,INPUT!$A$48:$I$156,8,FALSE),"") | BF28: =IFERROR(VLOOKUP($P$28,INPUT!$A$48:$I$156,9,FALSE),"") | BG28: =IF(TRIM($Q$28)<>"",TRIM($Q$28),TRIM($R$28))
A29: =INPUT!$B$5 | B29: 04 | G29: =INPUT!$B$6 | H29: =IFERROR(VLOOKUP($P$29,INPUT!$A$48:$I$156,6,FALSE),"") | P29: wouldyourather_b02_ii04 | Q29: =IFERROR(VLOOKUP($P$29,INPUT!$A$48:$I$156,4,FALSE),"") | R29: =IFERROR(VLOOKUP($P$29,INPUT!$A$48:$I$156,3,FALSE),"") | U29: ="<aside>🅰1️⃣"&$H$26&"<br><br>🅰2️⃣"&$H$27&"<br><br>🅱1️⃣"&$H$28&"<br><br><strong>🅱2️⃣"&$H$29&"</mark>" | Y29: =INPUT!$B$7 | Z29: =INPUT!$B$8 | AA29: =IFERROR(VLOOKUP($P$29,INPUT!$A$48:$I$156,5,FALSE),"") | AB29: =IFERROR(VLOOKUP($AA$29,INPUT!$A$18:$D$24,2,FALSE),"") | AC29: =INPUT!$B$9 | AF29: =IFERROR(VLOOKUP($AA$29,INPUT!$A$18:$D$24,3,FALSE),"") | AG29: =INPUT!$B$10 | AH29: =IFERROR(VLOOKUP($AA$29,INPUT!$A$18:$D$24,4,FALSE),"") | AI29: =INPUT!$B$11 | AJ29: =INPUT!$B$12 | AK29: =INPUT!$B$13 | AL29: =INPUT!$B$14 | AM29: =INPUT!$B$15 | BD29: =IFERROR(VLOOKUP($P$29,INPUT!$A$48:$I$156,7,FALSE),"") | BE29: =IFERROR(VLOOKUP($P$29,INPUT!$A$48:$I$156,8,FALSE),"") | BF29: =IFERROR(VLOOKUP($P$29,INPUT!$A$48:$I$156,9,FALSE),"") | BG29: =IF(TRIM($Q$29)<>"",TRIM($Q$29),TRIM($R$29))
A30: =INPUT!$B$5 | B30: 01 | G30: =INPUT!$B$6 | H30: =IFERROR(VLOOKUP($P$30,INPUT!$A$48:$I$156,6,FALSE),"") | P30: wouldyourather_b03_i01 | Q30: =IFERROR(VLOOKUP($P$30,INPUT!$A$48:$I$156,4,FALSE),"") | R30: =IFERROR(VLOOKUP($P$30,INPUT!$A$48:$I$156,3,FALSE),"") | U30: ="<aside><strong>🅰1️⃣"&$H$30&"</strong><br><br>🅰2️⃣___________<br><br>🅱1️⃣___________<br><br>🅱2️⃣___________></mark>" | Y30: =INPUT!$B$7 | Z30: =INPUT!$B$8 | AA30: =IFERROR(VLOOKUP($P$30,INPUT!$A$48:$I$156,5,FALSE),"") | AB30: =IFERROR(VLOOKUP($AA$30,INPUT!$A$18:$D$24,2,FALSE),"") | AC30: =INPUT!$B$9 | AF30: =IFERROR(VLOOKUP($AA$30,INPUT!$A$18:$D$24,3,FALSE),"") | AG30: =INPUT!$B$10 | AH30: =IFERROR(VLOOKUP($AA$30,INPUT!$A$18:$D$24,4,FALSE),"") | AI30: =INPUT!$B$11 | AJ30: =INPUT!$B$12 | AK30: =INPUT!$B$13 | AL30: =INPUT!$B$14 | AM30: =INPUT!$B$15 | BD30: =IFERROR(VLOOKUP($P$30,INPUT!$A$48:$I$156,7,FALSE),"") | BE30: =IFERROR(VLOOKUP($P$30,INPUT!$A$48:$I$156,8,FALSE),"") | BF30: =IFERROR(VLOOKUP($P$30,INPUT!$A$48:$I$156,9,FALSE),"") | BG30: =IF(TRIM($Q$30)<>"",TRIM($Q$30),TRIM($R$30))
A31: =INPUT!$B$5 | B31: 02 | G31: =INPUT!$B$6 | H31: =IFERROR(VLOOKUP($P$31,INPUT!$A$48:$I$156,6,FALSE),"") | P31: wouldyourather_b03_i02 | Q31: =IFERROR(VLOOKUP($P$31,INPUT!$A$48:$I$156,4,FALSE),"") | R31: =IFERROR(VLOOKUP($P$31,INPUT!$A$48:$I$156,3,FALSE),"") | U31: ="<aside>🅰1️⃣"&$H$30&"<br><br><strong>🅰2️⃣"&$H$31&"</strong><br><br>🅱1️⃣___________<br><br>🅱2️⃣___________</mark>" | Y31: =INPUT!$B$7 | Z31: =INPUT!$B$8 | AA31: =IFERROR(VLOOKUP($P$31,INPUT!$A$48:$I$156,5,FALSE),"") | AB31: =IFERROR(VLOOKUP($AA$31,INPUT!$A$18:$D$24,2,FALSE),"") | AC31: =INPUT!$B$9 | AF31: =IFERROR(VLOOKUP($AA$31,INPUT!$A$18:$D$24,3,FALSE),"") | AG31: =INPUT!$B$10 | AH31: =IFERROR(VLOOKUP($AA$31,INPUT!$A$18:$D$24,4,FALSE),"") | AI31: =INPUT!$B$11 | AJ31: =INPUT!$B$12 | AK31: =INPUT!$B$13 | AL31: =INPUT!$B$14 | AM31: =INPUT!$B$15 | BD31: =IFERROR(VLOOKUP($P$31,INPUT!$A$48:$I$156,7,FALSE),"") | BE31: =IFERROR(VLOOKUP($P$31,INPUT!$A$48:$I$156,8,FALSE),"") | BF31: =IFERROR(VLOOKUP($P$31,INPUT!$A$48:$I$156,9,FALSE),"") | BG31: =IF(TRIM($Q$31)<>"",TRIM($Q$31),TRIM($R$31))
A32: =INPUT!$B$5 | B32: 03 | G32: =INPUT!$B$6 | H32: =IFERROR(VLOOKUP($P$32,INPUT!$A$48:$I$156,6,FALSE),"") | P32: wouldyourather_b03_i03 | Q32: =IFERROR(VLOOKUP($P$32,INPUT!$A$48:$I$156,4,FALSE),"") | R32: =IFERROR(VLOOKUP($P$32,INPUT!$A$48:$I$156,3,FALSE),"") | U32: ="<aside>🅰1️⃣"&$H$30&"<br><br>🅰2️⃣"&$H$31&"<br><br><strong>🅱1️⃣"&$H$32&"</strong><br><br>🅱2️⃣___________</mark>" | Y32: =INPUT!$B$7 | Z32: =INPUT!$B$8 | AA32: =IFERROR(VLOOKUP($P$32,INPUT!$A$48:$I$156,5,FALSE),"") | AB32: =IFERROR(VLOOKUP($AA$32,INPUT!$A$18:$D$24,2,FALSE),"") | AC32: =INPUT!$B$9 | AF32: =IFERROR(VLOOKUP($AA$32,INPUT!$A$18:$D$24,3,FALSE),"") | AG32: =INPUT!$B$10 | AH32: =IFERROR(VLOOKUP($AA$32,INPUT!$A$18:$D$24,4,FALSE),"") | AI32: =INPUT!$B$11 | AJ32: =INPUT!$B$12 | AK32: =INPUT!$B$13 | AL32: =INPUT!$B$14 | AM32: =INPUT!$B$15 | BD32: =IFERROR(VLOOKUP($P$32,INPUT!$A$48:$I$156,7,FALSE),"") | BE32: =IFERROR(VLOOKUP($P$32,INPUT!$A$48:$I$156,8,FALSE),"") | BF32: =IFERROR(VLOOKUP($P$32,INPUT!$A$48:$I$156,9,FALSE),"") | BG32: =IF(TRIM($Q$32)<>"",TRIM($Q$32),TRIM($R$32))
A33: =INPUT!$B$5 | B33: 04 | G33: =INPUT!$B$6 | H33: =IFERROR(VLOOKUP($P$33,INPUT!$A$48:$I$156,6,FALSE),"") | P33: wouldyourather_b03_i04 | Q33: =IFERROR(VLOOKUP($P$33,INPUT!$A$48:$I$156,4,FALSE),"") | R33: =IFERROR(VLOOKUP($P$33,INPUT!$A$48:$I$156,3,FALSE),"") | U33: ="<aside>🅰1️⃣"&$H$30&"<br><br>🅰2️⃣"&$H$31&"<br><br>🅱1️⃣"&$H$32&"<br><br><strong>🅱2️⃣"&$H$33&"</mark>" | Y33: =INPUT!$B$7 | Z33: =INPUT!$B$8 | AA33: =IFERROR(VLOOKUP($P$33,INPUT!$A$48:$I$156,5,FALSE),"") | AB33: =IFERROR(VLOOKUP($AA$33,INPUT!$A$18:$D$24,2,FALSE),"") | AC33: =INPUT!$B$9 | AF33: =IFERROR(VLOOKUP($AA$33,INPUT!$A$18:$D$24,3,FALSE),"") | AG33: =INPUT!$B$10 | AH33: =IFERROR(VLOOKUP($AA$33,INPUT!$A$18:$D$24,4,FALSE),"") | AI33: =INPUT!$B$11 | AJ33: =INPUT!$B$12 | AK33: =INPUT!$B$13 | AL33: =INPUT!$B$14 | AM33: =INPUT!$B$15 | BD33: =IFERROR(VLOOKUP($P$33,INPUT!$A$48:$I$156,7,FALSE),"") | BE33: =IFERROR(VLOOKUP($P$33,INPUT!$A$48:$I$156,8,FALSE),"") | BF33: =IFERROR(VLOOKUP($P$33,INPUT!$A$48:$I$156,9,FALSE),"") | BG33: =IF(TRIM($Q$33)<>"",TRIM($Q$33),TRIM($R$33))
A34: =INPUT!$B$5 | B34: 01 | G34: =INPUT!$B$6 | H34: =IFERROR(VLOOKUP($P$34,INPUT!$A$48:$I$156,6,FALSE),"") | P34: wouldyourather_b03_ii01 | Q34: =IFERROR(VLOOKUP($P$34,INPUT!$A$48:$I$156,4,FALSE),"") | R34: =IFERROR(VLOOKUP($P$34,INPUT!$A$48:$I$156,3,FALSE),"") | U34: ="<aside><strong>🅰1️⃣"&$H$34&"</strong><br><br>🅰2️⃣___________<br><br>🅱1️⃣___________<br><br>🅱2️⃣___________></mark>" | Y34: =INPUT!$B$7 | Z34: =INPUT!$B$8 | AA34: =IFERROR(VLOOKUP($P$34,INPUT!$A$48:$I$156,5,FALSE),"") | AB34: =IFERROR(VLOOKUP($AA$34,INPUT!$A$18:$D$24,2,FALSE),"") | AC34: =INPUT!$B$9 | AF34: =IFERROR(VLOOKUP($AA$34,INPUT!$A$18:$D$24,3,FALSE),"") | AG34: =INPUT!$B$10 | AH34: =IFERROR(VLOOKUP($AA$34,INPUT!$A$18:$D$24,4,FALSE),"") | AI34: =INPUT!$B$11 | AJ34: =INPUT!$B$12 | AK34: =INPUT!$B$13 | AL34: =INPUT!$B$14 | AM34: =INPUT!$B$15 | BD34: =IFERROR(VLOOKUP($P$34,INPUT!$A$48:$I$156,7,FALSE),"") | BE34: =IFERROR(VLOOKUP($P$34,INPUT!$A$48:$I$156,8,FALSE),"") | BF34: =IFERROR(VLOOKUP($P$34,INPUT!$A$48:$I$156,9,FALSE),"") | BG34: =IF(TRIM($Q$34)<>"",TRIM($Q$34),TRIM($R$34))
A35: =INPUT!$B$5 | B35: 02 | G35: =INPUT!$B$6 | H35: =IFERROR(VLOOKUP($P$35,INPUT!$A$48:$I$156,6,FALSE),"") | P35: wouldyourather_b03_ii02 | Q35: =IFERROR(VLOOKUP($P$35,INPUT!$A$48:$I$156,4,FALSE),"") | R35: =IFERROR(VLOOKUP($P$35,INPUT!$A$48:$I$156,3,FALSE),"") | U35: ="<aside>🅰1️⃣"&$H$34&"<br><br><strong>🅰2️⃣"&$H$35&"</strong><br><br>🅱1️⃣___________<br><br>🅱2️⃣___________</mark>" | Y35: =INPUT!$B$7 | Z35: =INPUT!$B$8 | AA35: =IFERROR(VLOOKUP($P$35,INPUT!$A$48:$I$156,5,FALSE),"") | AB35: =IFERROR(VLOOKUP($AA$35,INPUT!$A$18:$D$24,2,FALSE),"") | AC35: =INPUT!$B$9 | AF35: =IFERROR(VLOOKUP($AA$35,INPUT!$A$18:$D$24,3,FALSE),"") | AG35: =INPUT!$B$10 | AH35: =IFERROR(VLOOKUP($AA$35,INPUT!$A$18:$D$24,4,FALSE),"") | AI35: =INPUT!$B$11 | AJ35: =INPUT!$B$12 | AK35: =INPUT!$B$13 | AL35: =INPUT!$B$14 | AM35: =INPUT!$B$15 | BD35: =IFERROR(VLOOKUP($P$35,INPUT!$A$48:$I$156,7,FALSE),"") | BE35: =IFERROR(VLOOKUP($P$35,INPUT!$A$48:$I$156,8,FALSE),"") | BF35: =IFERROR(VLOOKUP($P$35,INPUT!$A$48:$I$156,9,FALSE),"") | BG35: =IF(TRIM($Q$35)<>"",TRIM($Q$35),TRIM($R$35))
A36: =INPUT!$B$5 | B36: 03 | G36: =INPUT!$B$6 | H36: =IFERROR(VLOOKUP($P$36,INPUT!$A$48:$I$156,6,FALSE),"") | P36: wouldyourather_b03_ii03 | Q36: =IFERROR(VLOOKUP($P$36,INPUT!$A$48:$I$156,4,FALSE),"") | R36: =IFERROR(VLOOKUP($P$36,INPUT!$A$48:$I$156,3,FALSE),"") | U36: ="<aside>🅰1️⃣"&$H$34&"<br><br>🅰2️⃣"&$H$35&"<br><br><strong>🅱1️⃣"&$H$36&"</strong><br><br>🅱2️⃣___________</mark>" | Y36: =INPUT!$B$7 | Z36: =INPUT!$B$8 | AA36: =IFERROR(VLOOKUP($P$36,INPUT!$A$48:$I$156,5,FALSE),"") | AB36: =IFERROR(VLOOKUP($AA$36,INPUT!$A$18:$D$24,2,FALSE),"") | AC36: =INPUT!$B$9 | AF36: =IFERROR(VLOOKUP($AA$36,INPUT!$A$18:$D$24,3,FALSE),"") | AG36: =INPUT!$B$10 | AH36: =IFERROR(VLOOKUP($AA$36,INPUT!$A$18:$D$24,4,FALSE),"") | AI36: =INPUT!$B$11 | AJ36: =INPUT!$B$12 | AK36: =INPUT!$B$13 | AL36: =INPUT!$B$14 | AM36: =INPUT!$B$15 | BD36: =IFERROR(VLOOKUP($P$36,INPUT!$A$48:$I$156,7,FALSE),"") | BE36: =IFERROR(VLOOKUP($P$36,INPUT!$A$48:$I$156,8,FALSE),"") | BF36: =IFERROR(VLOOKUP($P$36,INPUT!$A$48:$I$156,9,FALSE),"") | BG36: =IF(TRIM($Q$36)<>"",TRIM($Q$36),TRIM($R$36))
A37: =INPUT!$B$5 | B37: 04 | G37: =INPUT!$B$6 | H37: =IFERROR(VLOOKUP($P$37,INPUT!$A$48:$I$156,6,FALSE),"") | P37: wouldyourather_b03_ii04 | Q37: =IFERROR(VLOOKUP($P$37,INPUT!$A$48:$I$156,4,FALSE),"") | R37: =IFERROR(VLOOKUP($P$37,INPUT!$A$48:$I$156,3,FALSE),"") | U37: ="<aside>🅰1️⃣"&$H$34&"<br><br>🅰2️⃣"&$H$35&"<br><br>🅱1️⃣"&$H$36&"<br><br><strong>🅱2️⃣"&$H$37&"</mark>" | Y37: =INPUT!$B$7 | Z37: =INPUT!$B$8 | AA37: =IFERROR(VLOOKUP($P$37,INPUT!$A$48:$I$156,5,FALSE),"") | AB37: =IFERROR(VLOOKUP($AA$37,INPUT!$A$18:$D$24,2,FALSE),"") | AC37: =INPUT!$B$9 | AF37: =IFERROR(VLOOKUP($AA$37,INPUT!$A$18:$D$24,3,FALSE),"") | AG37: =INPUT!$B$10 | AH37: =IFERROR(VLOOKUP($AA$37,INPUT!$A$18:$D$24,4,FALSE),"") | AI37: =INPUT!$B$11 | AJ37: =INPUT!$B$12 | AK37: =INPUT!$B$13 | AL37: =INPUT!$B$14 | AM37: =INPUT!$B$15 | BD37: =IFERROR(VLOOKUP($P$37,INPUT!$A$48:$I$156,7,FALSE),"") | BE37: =IFERROR(VLOOKUP($P$37,INPUT!$A$48:$I$156,8,FALSE),"") | BF37: =IFERROR(VLOOKUP($P$37,INPUT!$A$48:$I$156,9,FALSE),"") | BG37: =IF(TRIM($Q$37)<>"",TRIM($Q$37),TRIM($R$37))
A38: =INPUT!$B$5 | B38: 01 | G38: =INPUT!$B$6 | H38: =IFERROR(VLOOKUP($P$38,INPUT!$A$48:$I$156,6,FALSE),"") | P38: wouldyourather_c0101 | Q38: =IFERROR(VLOOKUP($P$38,INPUT!$A$48:$I$156,4,FALSE),"") | R38: =IFERROR(VLOOKUP($P$38,INPUT!$A$48:$I$156,3,FALSE),"") | U38: ="<aside><strong>🅰1️⃣"&$H$38&"</strong><br><br>🅰2️⃣___________<br><br>🅱1️⃣___________<br><br>🅱2️⃣___________></mark>" | Y38: =INPUT!$B$7 | Z38: =INPUT!$B$8 | AA38: =IFERROR(VLOOKUP($P$38,INPUT!$A$48:$I$156,5,FALSE),"") | AB38: =IFERROR(VLOOKUP($AA$38,INPUT!$A$18:$D$24,2,FALSE),"") | AC38: =INPUT!$B$9 | AF38: =IFERROR(VLOOKUP($AA$38,INPUT!$A$18:$D$24,3,FALSE),"") | AG38: =INPUT!$B$10 | AH38: =IFERROR(VLOOKUP($AA$38,INPUT!$A$18:$D$24,4,FALSE),"") | AI38: =INPUT!$B$11 | AJ38: =INPUT!$B$12 | AK38: =INPUT!$B$13 | AL38: =INPUT!$B$14 | AM38: =INPUT!$B$15 | BD38: =IFERROR(VLOOKUP($P$38,INPUT!$A$48:$I$156,7,FALSE),"") | BE38: =IFERROR(VLOOKUP($P$38,INPUT!$A$48:$I$156,8,FALSE),"") | BF38: =IFERROR(VLOOKUP($P$38,INPUT!$A$48:$I$156,9,FALSE),"") | BG38: =IF(TRIM($Q$38)<>"",TRIM($Q$38),TRIM($R$38))
A39: =INPUT!$B$5 | B39: 02 | G39: =INPUT!$B$6 | H39: =IFERROR(VLOOKUP($P$39,INPUT!$A$48:$I$156,6,FALSE),"") | P39: wouldyourather_c0102 | Q39: =IFERROR(VLOOKUP($P$39,INPUT!$A$48:$I$156,4,FALSE),"") | R39: =IFERROR(VLOOKUP($P$39,INPUT!$A$48:$I$156,3,FALSE),"") | U39: ="<aside>🅰1️⃣"&$H$38&"<br><br><strong>🅰2️⃣"&$H$39&"</strong><br><br>🅱1️⃣___________<br><br>🅱2️⃣___________</mark>" | Y39: =INPUT!$B$7 | Z39: =INPUT!$B$8 | AA39: =IFERROR(VLOOKUP($P$39,INPUT!$A$48:$I$156,5,FALSE),"") | AB39: =IFERROR(VLOOKUP($AA$39,INPUT!$A$18:$D$24,2,FALSE),"") | AC39: =INPUT!$B$9 | AF39: =IFERROR(VLOOKUP($AA$39,INPUT!$A$18:$D$24,3,FALSE),"") | AG39: =INPUT!$B$10 | AH39: =IFERROR(VLOOKUP($AA$39,INPUT!$A$18:$D$24,4,FALSE),"") | AI39: =INPUT!$B$11 | AJ39: =INPUT!$B$12 | AK39: =INPUT!$B$13 | AL39: =INPUT!$B$14 | AM39: =INPUT!$B$15 | BD39: =IFERROR(VLOOKUP($P$39,INPUT!$A$48:$I$156,7,FALSE),"") | BE39: =IFERROR(VLOOKUP($P$39,INPUT!$A$48:$I$156,8,FALSE),"") | BF39: =IFERROR(VLOOKUP($P$39,INPUT!$A$48:$I$156,9,FALSE),"") | BG39: =IF(TRIM($Q$39)<>"",TRIM($Q$39),TRIM($R$39))
A40: =INPUT!$B$5 | B40: 03 | G40: =INPUT!$B$6 | H40: =IFERROR(VLOOKUP($P$40,INPUT!$A$48:$I$156,6,FALSE),"") | P40: wouldyourather_c0103 | Q40: =IFERROR(VLOOKUP($P$40,INPUT!$A$48:$I$156,4,FALSE),"") | R40: =IFERROR(VLOOKUP($P$40,INPUT!$A$48:$I$156,3,FALSE),"") | U40: ="<aside>🅰1️⃣"&$H$38&"<br><br>🅰2️⃣"&$H$39&"<br><br><strong>🅱1️⃣"&$H$40&"</strong><br><br>🅱2️⃣___________</mark>" | Y40: =INPUT!$B$7 | Z40: =INPUT!$B$8 | AA40: =IFERROR(VLOOKUP($P$40,INPUT!$A$48:$I$156,5,FALSE),"") | AB40: =IFERROR(VLOOKUP($AA$40,INPUT!$A$18:$D$24,2,FALSE),"") | AC40: =INPUT!$B$9 | AF40: =IFERROR(VLOOKUP($AA$40,INPUT!$A$18:$D$24,3,FALSE),"") | AG40: =INPUT!$B$10 | AH40: =IFERROR(VLOOKUP($AA$40,INPUT!$A$18:$D$24,4,FALSE),"") | AI40: =INPUT!$B$11 | AJ40: =INPUT!$B$12 | AK40: =INPUT!$B$13 | AL40: =INPUT!$B$14 | AM40: =INPUT!$B$15 | BD40: =IFERROR(VLOOKUP($P$40,INPUT!$A$48:$I$156,7,FALSE),"") | BE40: =IFERROR(VLOOKUP($P$40,INPUT!$A$48:$I$156,8,FALSE),"") | BF40: =IFERROR(VLOOKUP($P$40,INPUT!$A$48:$I$156,9,FALSE),"") | BG40: =IF(TRIM($Q$40)<>"",TRIM($Q$40),TRIM($R$40))
A41: =INPUT!$B$5 | B41: 04 | G41: =INPUT!$B$6 | H41: =IFERROR(VLOOKUP($P$41,INPUT!$A$48:$I$156,6,FALSE),"") | P41: wouldyourather_c0104 | Q41: =IFERROR(VLOOKUP($P$41,INPUT!$A$48:$I$156,4,FALSE),"") | R41: =IFERROR(VLOOKUP($P$41,INPUT!$A$48:$I$156,3,FALSE),"") | U41: ="<aside>🅰1️⃣"&$H$38&"<br><br>🅰2️⃣"&$H$39&"<br><br>🅱1️⃣"&$H$40&"<br><br><strong>🅱2️⃣"&$H$41&"</mark>" | Y41: =INPUT!$B$7 | Z41: =INPUT!$B$8 | AA41: =IFERROR(VLOOKUP($P$41,INPUT!$A$48:$I$156,5,FALSE),"") | AB41: =IFERROR(VLOOKUP($AA$41,INPUT!$A$18:$D$24,2,FALSE),"") | AC41: =INPUT!$B$9 | AF41: =IFERROR(VLOOKUP($AA$41,INPUT!$A$18:$D$24,3,FALSE),"") | AG41: =INPUT!$B$10 | AH41: =IFERROR(VLOOKUP($AA$41,INPUT!$A$18:$D$24,4,FALSE),"") | AI41: =INPUT!$B$11 | AJ41: =INPUT!$B$12 | AK41: =INPUT!$B$13 | AL41: =INPUT!$B$14 | AM41: =INPUT!$B$15 | BD41: =IFERROR(VLOOKUP($P$41,INPUT!$A$48:$I$156,7,FALSE),"") | BE41: =IFERROR(VLOOKUP($P$41,INPUT!$A$48:$I$156,8,FALSE),"") | BF41: =IFERROR(VLOOKUP($P$41,INPUT!$A$48:$I$156,9,FALSE),"") | BG41: =IF(TRIM($Q$41)<>"",TRIM($Q$41),TRIM($R$41))
A42: =INPUT!$B$5 | B42: 01 | G42: =INPUT!$B$6 | H42: =IFERROR(VLOOKUP($P$42,INPUT!$A$48:$I$156,6,FALSE),"") | P42: wouldyourather_c0201 | Q42: =IFERROR(VLOOKUP($P$42,INPUT!$A$48:$I$156,4,FALSE),"") | R42: =IFERROR(VLOOKUP($P$42,INPUT!$A$48:$I$156,3,FALSE),"") | U42: ="<aside><strong>🅰1️⃣"&$H$42&"</strong><br><br>🅰2️⃣___________<br><br>🅱1️⃣___________<br><br>🅱2️⃣___________></mark>" | Y42: =INPUT!$B$7 | Z42: =INPUT!$B$8 | AA42: =IFERROR(VLOOKUP($P$42,INPUT!$A$48:$I$156,5,FALSE),"") | AB42: =IFERROR(VLOOKUP($AA$42,INPUT!$A$18:$D$24,2,FALSE),"") | AC42: =INPUT!$B$9 | AF42: =IFERROR(VLOOKUP($AA$42,INPUT!$A$18:$D$24,3,FALSE),"") | AG42: =INPUT!$B$10 | AH42: =IFERROR(VLOOKUP($AA$42,INPUT!$A$18:$D$24,4,FALSE),"") | AI42: =INPUT!$B$11 | AJ42: =INPUT!$B$12 | AK42: =INPUT!$B$13 | AL42: =INPUT!$B$14 | AM42: =INPUT!$B$15 | BD42: =IFERROR(VLOOKUP($P$42,INPUT!$A$48:$I$156,7,FALSE),"") | BE42: =IFERROR(VLOOKUP($P$42,INPUT!$A$48:$I$156,8,FALSE),"") | BF42: =IFERROR(VLOOKUP($P$42,INPUT!$A$48:$I$156,9,FALSE),"") | BG42: =IF(TRIM($Q$42)<>"",TRIM($Q$42),TRIM($R$42))
A43: =INPUT!$B$5 | B43: 02 | G43: =INPUT!$B$6 | H43: =IFERROR(VLOOKUP($P$43,INPUT!$A$48:$I$156,6,FALSE),"") | P43: wouldyourather_c0202 | Q43: =IFERROR(VLOOKUP($P$43,INPUT!$A$48:$I$156,4,FALSE),"") | R43: =IFERROR(VLOOKUP($P$43,INPUT!$A$48:$I$156,3,FALSE),"") | U43: ="<aside>🅰1️⃣"&$H$42&"<br><br><strong>🅰2️⃣"&$H$43&"</strong><br><br>🅱1️⃣___________<br><br>🅱2️⃣___________</mark>" | Y43: =INPUT!$B$7 | Z43: =INPUT!$B$8 | AA43: =IFERROR(VLOOKUP($P$43,INPUT!$A$48:$I$156,5,FALSE),"") | AB43: =IFERROR(VLOOKUP($AA$43,INPUT!$A$18:$D$24,2,FALSE),"") | AC43: =INPUT!$B$9 | AF43: =IFERROR(VLOOKUP($AA$43,INPUT!$A$18:$D$24,3,FALSE),"") | AG43: =INPUT!$B$10 | AH43: =IFERROR(VLOOKUP($AA$43,INPUT!$A$18:$D$24,4,FALSE),"") | AI43: =INPUT!$B$11 | AJ43: =INPUT!$B$12 | AK43: =INPUT!$B$13 | AL43: =INPUT!$B$14 | AM43: =INPUT!$B$15 | BD43: =IFERROR(VLOOKUP($P$43,INPUT!$A$48:$I$156,7,FALSE),"") | BE43: =IFERROR(VLOOKUP($P$43,INPUT!$A$48:$I$156,8,FALSE),"") | BF43: =IFERROR(VLOOKUP($P$43,INPUT!$A$48:$I$156,9,FALSE),"") | BG43: =IF(TRIM($Q$43)<>"",TRIM($Q$43),TRIM($R$43))
A44: =INPUT!$B$5 | B44: 03 | G44: =INPUT!$B$6 | H44: =IFERROR(VLOOKUP($P$44,INPUT!$A$48:$I$156,6,FALSE),"") | P44: wouldyourather_c0203 | Q44: =IFERROR(VLOOKUP($P$44,INPUT!$A$48:$I$156,4,FALSE),"") | R44: =IFERROR(VLOOKUP($P$44,INPUT!$A$48:$I$156,3,FALSE),"") | U44: ="<aside>🅰1️⃣"&$H$42&"<br><br>🅰2️⃣"&$H$43&"<br><br><strong>🅱1️⃣"&$H$44&"</strong><br><br>🅱2️⃣___________</mark>" | Y44: =INPUT!$B$7 | Z44: =INPUT!$B$8 | AA44: =IFERROR(VLOOKUP($P$44,INPUT!$A$48:$I$156,5,FALSE),"") | AB44: =IFERROR(VLOOKUP($AA$44,INPUT!$A$18:$D$24,2,FALSE),"") | AC44: =INPUT!$B$9 | AF44: =IFERROR(VLOOKUP($AA$44,INPUT!$A$18:$D$24,3,FALSE),"") | AG44: =INPUT!$B$10 | AH44: =IFERROR(VLOOKUP($AA$44,INPUT!$A$18:$D$24,4,FALSE),"") | AI44: =INPUT!$B$11 | AJ44: =INPUT!$B$12 | AK44: =INPUT!$B$13 | AL44: =INPUT!$B$14 | AM44: =INPUT!$B$15 | BD44: =IFERROR(VLOOKUP($P$44,INPUT!$A$48:$I$156,7,FALSE),"") | BE44: =IFERROR(VLOOKUP($P$44,INPUT!$A$48:$I$156,8,FALSE),"") | BF44: =IFERROR(VLOOKUP($P$44,INPUT!$A$48:$I$156,9,FALSE),"") | BG44: =IF(TRIM($Q$44)<>"",TRIM($Q$44),TRIM($R$44))
A45: =INPUT!$B$5 | B45: 04 | G45: =INPUT!$B$6 | H45: =IFERROR(VLOOKUP($P$45,INPUT!$A$48:$I$156,6,FALSE),"") | P45: wouldyourather_c0204 | Q45: =IFERROR(VLOOKUP($P$45,INPUT!$A$48:$I$156,4,FALSE),"") | R45: =IFERROR(VLOOKUP($P$45,INPUT!$A$48:$I$156,3,FALSE),"") | U45: ="<aside>🅰1️⃣"&$H$42&"<br><br>🅰2️⃣"&$H$43&"<br><br>🅱1️⃣"&$H$44&"<br><br><strong>🅱2️⃣"&$H$45&"</mark>" | Y45: =INPUT!$B$7 | Z45: =INPUT!$B$8 | AA45: =IFERROR(VLOOKUP($P$45,INPUT!$A$48:$I$156,5,FALSE),"") | AB45: =IFERROR(VLOOKUP($AA$45,INPUT!$A$18:$D$24,2,FALSE),"") | AC45: =INPUT!$B$9 | AF45: =IFERROR(VLOOKUP($AA$45,INPUT!$A$18:$D$24,3,FALSE),"") | AG45: =INPUT!$B$10 | AH45: =IFERROR(VLOOKUP($AA$45,INPUT!$A$18:$D$24,4,FALSE),"") | AI45: =INPUT!$B$11 | AJ45: =INPUT!$B$12 | AK45: =INPUT!$B$13 | AL45: =INPUT!$B$14 | AM45: =INPUT!$B$15 | BD45: =IFERROR(VLOOKUP($P$45,INPUT!$A$48:$I$156,7,FALSE),"") | BE45: =IFERROR(VLOOKUP($P$45,INPUT!$A$48:$I$156,8,FALSE),"") | BF45: =IFERROR(VLOOKUP($P$45,INPUT!$A$48:$I$156,9,FALSE),"") | BG45: =IF(TRIM($Q$45)<>"",TRIM($Q$45),TRIM($R$45))
A46: =INPUT!$B$5 | B46: 01 | G46: =INPUT!$B$6 | H46: =IFERROR(VLOOKUP($P$46,INPUT!$A$48:$I$156,6,FALSE),"") | P46: wouldyourather_c0301 | Q46: =IFERROR(VLOOKUP($P$46,INPUT!$A$48:$I$156,4,FALSE),"") | R46: =IFERROR(VLOOKUP($P$46,INPUT!$A$48:$I$156,3,FALSE),"") | U46: ="<aside><strong>🅰1️⃣"&$H$46&"</strong><br><br>🅰2️⃣___________<br><br>🅱1️⃣___________<br><br>🅱2️⃣___________></mark>" | Y46: =INPUT!$B$7 | Z46: =INPUT!$B$8 | AA46: =IFERROR(VLOOKUP($P$46,INPUT!$A$48:$I$156,5,FALSE),"") | AB46: =IFERROR(VLOOKUP($AA$46,INPUT!$A$18:$D$24,2,FALSE),"") | AC46: =INPUT!$B$9 | AF46: =IFERROR(VLOOKUP($AA$46,INPUT!$A$18:$D$24,3,FALSE),"") | AG46: =INPUT!$B$10 | AH46: =IFERROR(VLOOKUP($AA$46,INPUT!$A$18:$D$24,4,FALSE),"") | AI46: =INPUT!$B$11 | AJ46: =INPUT!$B$12 | AK46: =INPUT!$B$13 | AL46: =INPUT!$B$14 | AM46: =INPUT!$B$15 | BD46: =IFERROR(VLOOKUP($P$46,INPUT!$A$48:$I$156,7,FALSE),"") | BE46: =IFERROR(VLOOKUP($P$46,INPUT!$A$48:$I$156,8,FALSE),"") | BF46: =IFERROR(VLOOKUP($P$46,INPUT!$A$48:$I$156,9,FALSE),"") | BG46: =IF(TRIM($Q$46)<>"",TRIM($Q$46),TRIM($R$46))
A47: =INPUT!$B$5 | B47: 02 | G47: =INPUT!$B$6 | H47: =IFERROR(VLOOKUP($P$47,INPUT!$A$48:$I$156,6,FALSE),"") | P47: wouldyourather_c0302 | Q47: =IFERROR(VLOOKUP($P$47,INPUT!$A$48:$I$156,4,FALSE),"") | R47: =IFERROR(VLOOKUP($P$47,INPUT!$A$48:$I$156,3,FALSE),"") | U47: ="<aside>🅰1️⃣"&$H$46&"<br><br><strong>🅰2️⃣"&$H$47&"</strong><br><br>🅱1️⃣___________<br><br>🅱2️⃣___________</mark>" | Y47: =INPUT!$B$7 | Z47: =INPUT!$B$8 | AA47: =IFERROR(VLOOKUP($P$47,INPUT!$A$48:$I$156,5,FALSE),"") | AB47: =IFERROR(VLOOKUP($AA$47,INPUT!$A$18:$D$24,2,FALSE),"") | AC47: =INPUT!$B$9 | AF47: =IFERROR(VLOOKUP($AA$47,INPUT!$A$18:$D$24,3,FALSE),"") | AG47: =INPUT!$B$10 | AH47: =IFERROR(VLOOKUP($AA$47,INPUT!$A$18:$D$24,4,FALSE),"") | AI47: =INPUT!$B$11 | AJ47: =INPUT!$B$12 | AK47: =INPUT!$B$13 | AL47: =INPUT!$B$14 | AM47: =INPUT!$B$15 | BD47: =IFERROR(VLOOKUP($P$47,INPUT!$A$48:$I$156,7,FALSE),"") | BE47: =IFERROR(VLOOKUP($P$47,INPUT!$A$48:$I$156,8,FALSE),"") | BF47: =IFERROR(VLOOKUP($P$47,INPUT!$A$48:$I$156,9,FALSE),"") | BG47: =IF(TRIM($Q$47)<>"",TRIM($Q$47),TRIM($R$47))
A48: =INPUT!$B$5 | B48: 03 | G48: =INPUT!$B$6 | H48: =IFERROR(VLOOKUP($P$48,INPUT!$A$48:$I$156,6,FALSE),"") | P48: wouldyourather_c0303 | Q48: =IFERROR(VLOOKUP($P$48,INPUT!$A$48:$I$156,4,FALSE),"") | R48: =IFERROR(VLOOKUP($P$48,INPUT!$A$48:$I$156,3,FALSE),"") | U48: ="<aside>🅰1️⃣"&$H$46&"<br><br>🅰2️⃣"&$H$47&"<br><br><strong>🅱1️⃣"&$H$48&"</strong><br><br>🅱2️⃣___________</mark>" | Y48: =INPUT!$B$7 | Z48: =INPUT!$B$8 | AA48: =IFERROR(VLOOKUP($P$48,INPUT!$A$48:$I$156,5,FALSE),"") | AB48: =IFERROR(VLOOKUP($AA$48,INPUT!$A$18:$D$24,2,FALSE),"") | AC48: =INPUT!$B$9 | AF48: =IFERROR(VLOOKUP($AA$48,INPUT!$A$18:$D$24,3,FALSE),"") | AG48: =INPUT!$B$10 | AH48: =IFERROR(VLOOKUP($AA$48,INPUT!$A$18:$D$24,4,FALSE),"") | AI48: =INPUT!$B$11 | AJ48: =INPUT!$B$12 | AK48: =INPUT!$B$13 | AL48: =INPUT!$B$14 | AM48: =INPUT!$B$15 | BD48: =IFERROR(VLOOKUP($P$48,INPUT!$A$48:$I$156,7,FALSE),"") | BE48: =IFERROR(VLOOKUP($P$48,INPUT!$A$48:$I$156,8,FALSE),"") | BF48: =IFERROR(VLOOKUP($P$48,INPUT!$A$48:$I$156,9,FALSE),"") | BG48: =IF(TRIM($Q$48)<>"",TRIM($Q$48),TRIM($R$48))
A49: =INPUT!$B$5 | B49: 04 | G49: =INPUT!$B$6 | H49: =IFERROR(VLOOKUP($P$49,INPUT!$A$48:$I$156,6,FALSE),"") | P49: wouldyourather_c0304 | Q49: =IFERROR(VLOOKUP($P$49,INPUT!$A$48:$I$156,4,FALSE),"") | R49: =IFERROR(VLOOKUP($P$49,INPUT!$A$48:$I$156,3,FALSE),"") | U49: ="<aside>🅰1️⃣"&$H$46&"<br><br>🅰2️⃣"&$H$47&"<br><br>🅱1️⃣"&$H$48&"<br><br><strong>🅱2️⃣"&$H$49&"</mark>" | Y49: =INPUT!$B$7 | Z49: =INPUT!$B$8 | AA49: =IFERROR(VLOOKUP($P$49,INPUT!$A$48:$I$156,5,FALSE),"") | AB49: =IFERROR(VLOOKUP($AA$49,INPUT!$A$18:$D$24,2,FALSE),"") | AC49: =INPUT!$B$9 | AF49: =IFERROR(VLOOKUP($AA$49,INPUT!$A$18:$D$24,3,FALSE),"") | AG49: =INPUT!$B$10 | AH49: =IFERROR(VLOOKUP($AA$49,INPUT!$A$18:$D$24,4,FALSE),"") | AI49: =INPUT!$B$11 | AJ49: =INPUT!$B$12 | AK49: =INPUT!$B$13 | AL49: =INPUT!$B$14 | AM49: =INPUT!$B$15 | BD49: =IFERROR(VLOOKUP($P$49,INPUT!$A$48:$I$156,7,FALSE),"") | BE49: =IFERROR(VLOOKUP($P$49,INPUT!$A$48:$I$156,8,FALSE),"") | BF49: =IFERROR(VLOOKUP($P$49,INPUT!$A$48:$I$156,9,FALSE),"") | BG49: =IF(TRIM($Q$49)<>"",TRIM($Q$49),TRIM($R$49))
A50: =INPUT!$B$5 | B50: 01 | G50: =INPUT!$B$6 | H50: =IFERROR(VLOOKUP($P$50,INPUT!$A$48:$I$156,6,FALSE),"") | P50: wouldyourather_d01_i01 | Q50: =IFERROR(VLOOKUP($P$50,INPUT!$A$48:$I$156,4,FALSE),"") | R50: =IFERROR(VLOOKUP($P$50,INPUT!$A$48:$I$156,3,FALSE),"") | U50: ="<aside><strong>🅰1️⃣"&$H$50&"</strong><br><br>🅰2️⃣___________<br><br>🅱1️⃣___________<br><br>🅱2️⃣___________></mark>" | Y50: =INPUT!$B$7 | Z50: =INPUT!$B$8 | AA50: =IFERROR(VLOOKUP($P$50,INPUT!$A$48:$I$156,5,FALSE),"") | AB50: =IFERROR(VLOOKUP($AA$50,INPUT!$A$18:$D$24,2,FALSE),"") | AC50: =INPUT!$B$9 | AF50: =IFERROR(VLOOKUP($AA$50,INPUT!$A$18:$D$24,3,FALSE),"") | AG50: =INPUT!$B$10 | AH50: =IFERROR(VLOOKUP($AA$50,INPUT!$A$18:$D$24,4,FALSE),"") | AI50: =INPUT!$B$11 | AJ50: =INPUT!$B$12 | AK50: =INPUT!$B$13 | AL50: =INPUT!$B$14 | AM50: =INPUT!$B$15 | BD50: =IFERROR(VLOOKUP($P$50,INPUT!$A$48:$I$156,7,FALSE),"") | BE50: =IFERROR(VLOOKUP($P$50,INPUT!$A$48:$I$156,8,FALSE),"") | BF50: =IFERROR(VLOOKUP($P$50,INPUT!$A$48:$I$156,9,FALSE),"") | BG50: =IF(TRIM($Q$50)<>"",TRIM($Q$50),TRIM($R$50))
A51: =INPUT!$B$5 | B51: 02 | G51: =INPUT!$B$6 | H51: =IFERROR(VLOOKUP($P$51,INPUT!$A$48:$I$156,6,FALSE),"") | P51: wouldyourather_d01_i02 | Q51: =IFERROR(VLOOKUP($P$51,INPUT!$A$48:$I$156,4,FALSE),"") | R51: =IFERROR(VLOOKUP($P$51,INPUT!$A$48:$I$156,3,FALSE),"") | U51: ="<aside>🅰1️⃣"&$H$50&"<br><br><strong>🅰2️⃣"&$H$51&"</strong><br><br>🅱1️⃣___________<br><br>🅱2️⃣___________</mark>" | Y51: =INPUT!$B$7 | Z51: =INPUT!$B$8 | AA51: =IFERROR(VLOOKUP($P$51,INPUT!$A$48:$I$156,5,FALSE),"") | AB51: =IFERROR(VLOOKUP($AA$51,INPUT!$A$18:$D$24,2,FALSE),"") | AC51: =INPUT!$B$9 | AF51: =IFERROR(VLOOKUP($AA$51,INPUT!$A$18:$D$24,3,FALSE),"") | AG51: =INPUT!$B$10 | AH51: =IFERROR(VLOOKUP($AA$51,INPUT!$A$18:$D$24,4,FALSE),"") | AI51: =INPUT!$B$11 | AJ51: =INPUT!$B$12 | AK51: =INPUT!$B$13 | AL51: =INPUT!$B$14 | AM51: =INPUT!$B$15 | BD51: =IFERROR(VLOOKUP($P$51,INPUT!$A$48:$I$156,7,FALSE),"") | BE51: =IFERROR(VLOOKUP($P$51,INPUT!$A$48:$I$156,8,FALSE),"") | BF51: =IFERROR(VLOOKUP($P$51,INPUT!$A$48:$I$156,9,FALSE),"") | BG51: =IF(TRIM($Q$51)<>"",TRIM($Q$51),TRIM($R$51))
A52: =INPUT!$B$5 | B52: 03 | G52: =INPUT!$B$6 | H52: =IFERROR(VLOOKUP($P$52,INPUT!$A$48:$I$156,6,FALSE),"") | P52: wouldyourather_d01_i03 | Q52: =IFERROR(VLOOKUP($P$52,INPUT!$A$48:$I$156,4,FALSE),"") | R52: =IFERROR(VLOOKUP($P$52,INPUT!$A$48:$I$156,3,FALSE),"") | U52: ="<aside>🅰1️⃣"&$H$50&"<br><br>🅰2️⃣"&$H$51&"<br><br><strong>🅱1️⃣"&$H$52&"</strong><br><br>🅱2️⃣___________</mark>" | Y52: =INPUT!$B$7 | Z52: =INPUT!$B$8 | AA52: =IFERROR(VLOOKUP($P$52,INPUT!$A$48:$I$156,5,FALSE),"") | AB52: =IFERROR(VLOOKUP($AA$52,INPUT!$A$18:$D$24,2,FALSE),"") | AC52: =INPUT!$B$9 | AF52: =IFERROR(VLOOKUP($AA$52,INPUT!$A$18:$D$24,3,FALSE),"") | AG52: =INPUT!$B$10 | AH52: =IFERROR(VLOOKUP($AA$52,INPUT!$A$18:$D$24,4,FALSE),"") | AI52: =INPUT!$B$11 | AJ52: =INPUT!$B$12 | AK52: =INPUT!$B$13 | AL52: =INPUT!$B$14 | AM52: =INPUT!$B$15 | BD52: =IFERROR(VLOOKUP($P$52,INPUT!$A$48:$I$156,7,FALSE),"") | BE52: =IFERROR(VLOOKUP($P$52,INPUT!$A$48:$I$156,8,FALSE),"") | BF52: =IFERROR(VLOOKUP($P$52,INPUT!$A$48:$I$156,9,FALSE),"") | BG52: =IF(TRIM($Q$52)<>"",TRIM($Q$52),TRIM($R$52))
A53: =INPUT!$B$5 | B53: 04 | G53: =INPUT!$B$6 | H53: =IFERROR(VLOOKUP($P$53,INPUT!$A$48:$I$156,6,FALSE),"") | P53: wouldyourather_d01_i04 | Q53: =IFERROR(VLOOKUP($P$53,INPUT!$A$48:$I$156,4,FALSE),"") | R53: =IFERROR(VLOOKUP($P$53,INPUT!$A$48:$I$156,3,FALSE),"") | U53: ="<aside>🅰1️⃣"&$H$50&"<br><br>🅰2️⃣"&$H$51&"<br><br>🅱1️⃣"&$H$52&"<br><br><strong>🅱2️⃣"&$H$53&"</mark>" | Y53: =INPUT!$B$7 | Z53: =INPUT!$B$8 | AA53: =IFERROR(VLOOKUP($P$53,INPUT!$A$48:$I$156,5,FALSE),"") | AB53: =IFERROR(VLOOKUP($AA$53,INPUT!$A$18:$D$24,2,FALSE),"") | AC53: =INPUT!$B$9 | AF53: =IFERROR(VLOOKUP($AA$53,INPUT!$A$18:$D$24,3,FALSE),"") | AG53: =INPUT!$B$10 | AH53: =IFERROR(VLOOKUP($AA$53,INPUT!$A$18:$D$24,4,FALSE),"") | AI53: =INPUT!$B$11 | AJ53: =INPUT!$B$12 | AK53: =INPUT!$B$13 | AL53: =INPUT!$B$14 | AM53: =INPUT!$B$15 | BD53: =IFERROR(VLOOKUP($P$53,INPUT!$A$48:$I$156,7,FALSE),"") | BE53: =IFERROR(VLOOKUP($P$53,INPUT!$A$48:$I$156,8,FALSE),"") | BF53: =IFERROR(VLOOKUP($P$53,INPUT!$A$48:$I$156,9,FALSE),"") | BG53: =IF(TRIM($Q$53)<>"",TRIM($Q$53),TRIM($R$53))
A54: =INPUT!$B$5 | B54: 01 | G54: =INPUT!$B$6 | H54: =IFERROR(VLOOKUP($P$54,INPUT!$A$48:$I$156,6,FALSE),"") | P54: wouldyourather_d01_ii01 | Q54: =IFERROR(VLOOKUP($P$54,INPUT!$A$48:$I$156,4,FALSE),"") | R54: =IFERROR(VLOOKUP($P$54,INPUT!$A$48:$I$156,3,FALSE),"") | U54: ="<aside><strong>🅰1️⃣"&$H$54&"</strong><br><br>🅰2️⃣___________<br><br>🅱1️⃣___________<br><br>🅱2️⃣___________></mark>" | Y54: =INPUT!$B$7 | Z54: =INPUT!$B$8 | AA54: =IFERROR(VLOOKUP($P$54,INPUT!$A$48:$I$156,5,FALSE),"") | AB54: =IFERROR(VLOOKUP($AA$54,INPUT!$A$18:$D$24,2,FALSE),"") | AC54: =INPUT!$B$9 | AF54: =IFERROR(VLOOKUP($AA$54,INPUT!$A$18:$D$24,3,FALSE),"") | AG54: =INPUT!$B$10 | AH54: =IFERROR(VLOOKUP($AA$54,INPUT!$A$18:$D$24,4,FALSE),"") | AI54: =INPUT!$B$11 | AJ54: =INPUT!$B$12 | AK54: =INPUT!$B$13 | AL54: =INPUT!$B$14 | AM54: =INPUT!$B$15 | BD54: =IFERROR(VLOOKUP($P$54,INPUT!$A$48:$I$156,7,FALSE),"") | BE54: =IFERROR(VLOOKUP($P$54,INPUT!$A$48:$I$156,8,FALSE),"") | BF54: =IFERROR(VLOOKUP($P$54,INPUT!$A$48:$I$156,9,FALSE),"") | BG54: =IF(TRIM($Q$54)<>"",TRIM($Q$54),TRIM($R$54))
A55: =INPUT!$B$5 | B55: 02 | G55: =INPUT!$B$6 | H55: =IFERROR(VLOOKUP($P$55,INPUT!$A$48:$I$156,6,FALSE),"") | P55: wouldyourather_d01_ii02 | Q55: =IFERROR(VLOOKUP($P$55,INPUT!$A$48:$I$156,4,FALSE),"") | R55: =IFERROR(VLOOKUP($P$55,INPUT!$A$48:$I$156,3,FALSE),"") | U55: ="<aside>🅰1️⃣"&$H$54&"<br><br><strong>🅰2️⃣"&$H$55&"</strong><br><br>🅱1️⃣___________<br><br>🅱2️⃣___________</mark>" | Y55: =INPUT!$B$7 | Z55: =INPUT!$B$8 | AA55: =IFERROR(VLOOKUP($P$55,INPUT!$A$48:$I$156,5,FALSE),"") | AB55: =IFERROR(VLOOKUP($AA$55,INPUT!$A$18:$D$24,2,FALSE),"") | AC55: =INPUT!$B$9 | AF55: =IFERROR(VLOOKUP($AA$55,INPUT!$A$18:$D$24,3,FALSE),"") | AG55: =INPUT!$B$10 | AH55: =IFERROR(VLOOKUP($AA$55,INPUT!$A$18:$D$24,4,FALSE),"") | AI55: =INPUT!$B$11 | AJ55: =INPUT!$B$12 | AK55: =INPUT!$B$13 | AL55: =INPUT!$B$14 | AM55: =INPUT!$B$15 | BD55: =IFERROR(VLOOKUP($P$55,INPUT!$A$48:$I$156,7,FALSE),"") | BE55: =IFERROR(VLOOKUP($P$55,INPUT!$A$48:$I$156,8,FALSE),"") | BF55: =IFERROR(VLOOKUP($P$55,INPUT!$A$48:$I$156,9,FALSE),"") | BG55: =IF(TRIM($Q$55)<>"",TRIM($Q$55),TRIM($R$55))
A56: =INPUT!$B$5 | B56: 03 | G56: =INPUT!$B$6 | H56: =IFERROR(VLOOKUP($P$56,INPUT!$A$48:$I$156,6,FALSE),"") | P56: wouldyourather_d01_ii03 | Q56: =IFERROR(VLOOKUP($P$56,INPUT!$A$48:$I$156,4,FALSE),"") | R56: =IFERROR(VLOOKUP($P$56,INPUT!$A$48:$I$156,3,FALSE),"") | U56: ="<aside>🅰1️⃣"&$H$54&"<br><br>🅰2️⃣"&$H$55&"<br><br><strong>🅱1️⃣"&$H$56&"</strong><br><br>🅱2️⃣___________</mark>" | Y56: =INPUT!$B$7 | Z56: =INPUT!$B$8 | AA56: =IFERROR(VLOOKUP($P$56,INPUT!$A$48:$I$156,5,FALSE),"") | AB56: =IFERROR(VLOOKUP($AA$56,INPUT!$A$18:$D$24,2,FALSE),"") | AC56: =INPUT!$B$9 | AF56: =IFERROR(VLOOKUP($AA$56,INPUT!$A$18:$D$24,3,FALSE),"") | AG56: =INPUT!$B$10 | AH56: =IFERROR(VLOOKUP($AA$56,INPUT!$A$18:$D$24,4,FALSE),"") | AI56: =INPUT!$B$11 | AJ56: =INPUT!$B$12 | AK56: =INPUT!$B$13 | AL56: =INPUT!$B$14 | AM56: =INPUT!$B$15 | BD56: =IFERROR(VLOOKUP($P$56,INPUT!$A$48:$I$156,7,FALSE),"") | BE56: =IFERROR(VLOOKUP($P$56,INPUT!$A$48:$I$156,8,FALSE),"") | BF56: =IFERROR(VLOOKUP($P$56,INPUT!$A$48:$I$156,9,FALSE),"") | BG56: =IF(TRIM($Q$56)<>"",TRIM($Q$56),TRIM($R$56))
A57: =INPUT!$B$5 | B57: 04 | G57: =INPUT!$B$6 | H57: =IFERROR(VLOOKUP($P$57,INPUT!$A$48:$I$156,6,FALSE),"") | P57: wouldyourather_d01_ii04 | Q57: =IFERROR(VLOOKUP($P$57,INPUT!$A$48:$I$156,4,FALSE),"") | R57: =IFERROR(VLOOKUP($P$57,INPUT!$A$48:$I$156,3,FALSE),"") | U57: ="<aside>🅰1️⃣"&$H$54&"<br><br>🅰2️⃣"&$H$55&"<br><br>🅱1️⃣"&$H$56&"<br><br><strong>🅱2️⃣"&$H$57&"</mark>" | Y57: =INPUT!$B$7 | Z57: =INPUT!$B$8 | AA57: =IFERROR(VLOOKUP($P$57,INPUT!$A$48:$I$156,5,FALSE),"") | AB57: =IFERROR(VLOOKUP($AA$57,INPUT!$A$18:$D$24,2,FALSE),"") | AC57: =INPUT!$B$9 | AF57: =IFERROR(VLOOKUP($AA$57,INPUT!$A$18:$D$24,3,FALSE),"") | AG57: =INPUT!$B$10 | AH57: =IFERROR(VLOOKUP($AA$57,INPUT!$A$18:$D$24,4,FALSE),"") | AI57: =INPUT!$B$11 | AJ57: =INPUT!$B$12 | AK57: =INPUT!$B$13 | AL57: =INPUT!$B$14 | AM57: =INPUT!$B$15 | BD57: =IFERROR(VLOOKUP($P$57,INPUT!$A$48:$I$156,7,FALSE),"") | BE57: =IFERROR(VLOOKUP($P$57,INPUT!$A$48:$I$156,8,FALSE),"") | BF57: =IFERROR(VLOOKUP($P$57,INPUT!$A$48:$I$156,9,FALSE),"") | BG57: =IF(TRIM($Q$57)<>"",TRIM($Q$57),TRIM($R$57))
A58: =INPUT!$B$5 | B58: 01 | G58: =INPUT!$B$6 | H58: =IFERROR(VLOOKUP($P$58,INPUT!$A$48:$I$156,6,FALSE),"") | P58: wouldyourather_d02_i01 | Q58: =IFERROR(VLOOKUP($P$58,INPUT!$A$48:$I$156,4,FALSE),"") | R58: =IFERROR(VLOOKUP($P$58,INPUT!$A$48:$I$156,3,FALSE),"") | U58: ="<aside><strong>🅰1️⃣"&$H$58&"</strong><br><br>🅰2️⃣___________<br><br>🅱1️⃣___________<br><br>🅱2️⃣___________></mark>" | Y58: =INPUT!$B$7 | Z58: =INPUT!$B$8 | AA58: =IFERROR(VLOOKUP($P$58,INPUT!$A$48:$I$156,5,FALSE),"") | AB58: =IFERROR(VLOOKUP($AA$58,INPUT!$A$18:$D$24,2,FALSE),"") | AC58: =INPUT!$B$9 | AF58: =IFERROR(VLOOKUP($AA$58,INPUT!$A$18:$D$24,3,FALSE),"") | AG58: =INPUT!$B$10 | AH58: =IFERROR(VLOOKUP($AA$58,INPUT!$A$18:$D$24,4,FALSE),"") | AI58: =INPUT!$B$11 | AJ58: =INPUT!$B$12 | AK58: =INPUT!$B$13 | AL58: =INPUT!$B$14 | AM58: =INPUT!$B$15 | BD58: =IFERROR(VLOOKUP($P$58,INPUT!$A$48:$I$156,7,FALSE),"") | BE58: =IFERROR(VLOOKUP($P$58,INPUT!$A$48:$I$156,8,FALSE),"") | BF58: =IFERROR(VLOOKUP($P$58,INPUT!$A$48:$I$156,9,FALSE),"") | BG58: =IF(TRIM($Q$58)<>"",TRIM($Q$58),TRIM($R$58))
A59: =INPUT!$B$5 | B59: 02 | G59: =INPUT!$B$6 | H59: =IFERROR(VLOOKUP($P$59,INPUT!$A$48:$I$156,6,FALSE),"") | P59: wouldyourather_d02_i02 | Q59: =IFERROR(VLOOKUP($P$59,INPUT!$A$48:$I$156,4,FALSE),"") | R59: =IFERROR(VLOOKUP($P$59,INPUT!$A$48:$I$156,3,FALSE),"") | U59: ="<aside>🅰1️⃣"&$H$58&"<br><br><strong>🅰2️⃣"&$H$59&"</strong><br><br>🅱1️⃣___________<br><br>🅱2️⃣___________</mark>" | Y59: =INPUT!$B$7 | Z59: =INPUT!$B$8 | AA59: =IFERROR(VLOOKUP($P$59,INPUT!$A$48:$I$156,5,FALSE),"") | AB59: =IFERROR(VLOOKUP($AA$59,INPUT!$A$18:$D$24,2,FALSE),"") | AC59: =INPUT!$B$9 | AF59: =IFERROR(VLOOKUP($AA$59,INPUT!$A$18:$D$24,3,FALSE),"") | AG59: =INPUT!$B$10 | AH59: =IFERROR(VLOOKUP($AA$59,INPUT!$A$18:$D$24,4,FALSE),"") | AI59: =INPUT!$B$11 | AJ59: =INPUT!$B$12 | AK59: =INPUT!$B$13 | AL59: =INPUT!$B$14 | AM59: =INPUT!$B$15 | BD59: =IFERROR(VLOOKUP($P$59,INPUT!$A$48:$I$156,7,FALSE),"") | BE59: =IFERROR(VLOOKUP($P$59,INPUT!$A$48:$I$156,8,FALSE),"") | BF59: =IFERROR(VLOOKUP($P$59,INPUT!$A$48:$I$156,9,FALSE),"") | BG59: =IF(TRIM($Q$59)<>"",TRIM($Q$59),TRIM($R$59))
A60: =INPUT!$B$5 | B60: 03 | G60: =INPUT!$B$6 | H60: =IFERROR(VLOOKUP($P$60,INPUT!$A$48:$I$156,6,FALSE),"") | P60: wouldyourather_d02_i03 | Q60: =IFERROR(VLOOKUP($P$60,INPUT!$A$48:$I$156,4,FALSE),"") | R60: =IFERROR(VLOOKUP($P$60,INPUT!$A$48:$I$156,3,FALSE),"") | U60: ="<aside>🅰1️⃣"&$H$58&"<br><br>🅰2️⃣"&$H$59&"<br><br><strong>🅱1️⃣"&$H$60&"</strong><br><br>🅱2️⃣___________</mark>" | Y60: =INPUT!$B$7 | Z60: =INPUT!$B$8 | AA60: =IFERROR(VLOOKUP($P$60,INPUT!$A$48:$I$156,5,FALSE),"") | AB60: =IFERROR(VLOOKUP($AA$60,INPUT!$A$18:$D$24,2,FALSE),"") | AC60: =INPUT!$B$9 | AF60: =IFERROR(VLOOKUP($AA$60,INPUT!$A$18:$D$24,3,FALSE),"") | AG60: =INPUT!$B$10 | AH60: =IFERROR(VLOOKUP($AA$60,INPUT!$A$18:$D$24,4,FALSE),"") | AI60: =INPUT!$B$11 | AJ60: =INPUT!$B$12 | AK60: =INPUT!$B$13 | AL60: =INPUT!$B$14 | AM60: =INPUT!$B$15 | BD60: =IFERROR(VLOOKUP($P$60,INPUT!$A$48:$I$156,7,FALSE),"") | BE60: =IFERROR(VLOOKUP($P$60,INPUT!$A$48:$I$156,8,FALSE),"") | BF60: =IFERROR(VLOOKUP($P$60,INPUT!$A$48:$I$156,9,FALSE),"") | BG60: =IF(TRIM($Q$60)<>"",TRIM($Q$60),TRIM($R$60))
A61: =INPUT!$B$5 | B61: 04 | G61: =INPUT!$B$6 | H61: =IFERROR(VLOOKUP($P$61,INPUT!$A$48:$I$156,6,FALSE),"") | P61: wouldyourather_d02_i04 | Q61: =IFERROR(VLOOKUP($P$61,INPUT!$A$48:$I$156,4,FALSE),"") | R61: =IFERROR(VLOOKUP($P$61,INPUT!$A$48:$I$156,3,FALSE),"") | U61: ="<aside>🅰1️⃣"&$H$58&"<br><br>🅰2️⃣"&$H$59&"<br><br>🅱1️⃣"&$H$60&"<br><br><strong>🅱2️⃣"&$H$61&"</mark>" | Y61: =INPUT!$B$7 | Z61: =INPUT!$B$8 | AA61: =IFERROR(VLOOKUP($P$61,INPUT!$A$48:$I$156,5,FALSE),"") | AB61: =IFERROR(VLOOKUP($AA$61,INPUT!$A$18:$D$24,2,FALSE),"") | AC61: =INPUT!$B$9 | AF61: =IFERROR(VLOOKUP($AA$61,INPUT!$A$18:$D$24,3,FALSE),"") | AG61: =INPUT!$B$10 | AH61: =IFERROR(VLOOKUP($AA$61,INPUT!$A$18:$D$24,4,FALSE),"") | AI61: =INPUT!$B$11 | AJ61: =INPUT!$B$12 | AK61: =INPUT!$B$13 | AL61: =INPUT!$B$14 | AM61: =INPUT!$B$15 | BD61: =IFERROR(VLOOKUP($P$61,INPUT!$A$48:$I$156,7,FALSE),"") | BE61: =IFERROR(VLOOKUP($P$61,INPUT!$A$48:$I$156,8,FALSE),"") | BF61: =IFERROR(VLOOKUP($P$61,INPUT!$A$48:$I$156,9,FALSE),"") | BG61: =IF(TRIM($Q$61)<>"",TRIM($Q$61),TRIM($R$61))
A62: =INPUT!$B$5 | B62: 01 | G62: =INPUT!$B$6 | H62: =IFERROR(VLOOKUP($P$62,INPUT!$A$48:$I$156,6,FALSE),"") | P62: wouldyourather_d02_ii01 | Q62: =IFERROR(VLOOKUP($P$62,INPUT!$A$48:$I$156,4,FALSE),"") | R62: =IFERROR(VLOOKUP($P$62,INPUT!$A$48:$I$156,3,FALSE),"") | U62: ="<aside><strong>🅰1️⃣"&$H$62&"</strong><br><br>🅰2️⃣___________<br><br>🅱1️⃣___________<br><br>🅱2️⃣___________></mark>" | Y62: =INPUT!$B$7 | Z62: =INPUT!$B$8 | AA62: =IFERROR(VLOOKUP($P$62,INPUT!$A$48:$I$156,5,FALSE),"") | AB62: =IFERROR(VLOOKUP($AA$62,INPUT!$A$18:$D$24,2,FALSE),"") | AC62: =INPUT!$B$9 | AF62: =IFERROR(VLOOKUP($AA$62,INPUT!$A$18:$D$24,3,FALSE),"") | AG62: =INPUT!$B$10 | AH62: =IFERROR(VLOOKUP($AA$62,INPUT!$A$18:$D$24,4,FALSE),"") | AI62: =INPUT!$B$11 | AJ62: =INPUT!$B$12 | AK62: =INPUT!$B$13 | AL62: =INPUT!$B$14 | AM62: =INPUT!$B$15 | BD62: =IFERROR(VLOOKUP($P$62,INPUT!$A$48:$I$156,7,FALSE),"") | BE62: =IFERROR(VLOOKUP($P$62,INPUT!$A$48:$I$156,8,FALSE),"") | BF62: =IFERROR(VLOOKUP($P$62,INPUT!$A$48:$I$156,9,FALSE),"") | BG62: =IF(TRIM($Q$62)<>"",TRIM($Q$62),TRIM($R$62))
A63: =INPUT!$B$5 | B63: 02 | G63: =INPUT!$B$6 | H63: =IFERROR(VLOOKUP($P$63,INPUT!$A$48:$I$156,6,FALSE),"") | P63: wouldyourather_d02_ii02 | Q63: =IFERROR(VLOOKUP($P$63,INPUT!$A$48:$I$156,4,FALSE),"") | R63: =IFERROR(VLOOKUP($P$63,INPUT!$A$48:$I$156,3,FALSE),"") | U63: ="<aside>🅰1️⃣"&$H$62&"<br><br><strong>🅰2️⃣"&$H$63&"</strong><br><br>🅱1️⃣___________<br><br>🅱2️⃣___________</mark>" | Y63: =INPUT!$B$7 | Z63: =INPUT!$B$8 | AA63: =IFERROR(VLOOKUP($P$63,INPUT!$A$48:$I$156,5,FALSE),"") | AB63: =IFERROR(VLOOKUP($AA$63,INPUT!$A$18:$D$24,2,FALSE),"") | AC63: =INPUT!$B$9 | AF63: =IFERROR(VLOOKUP($AA$63,INPUT!$A$18:$D$24,3,FALSE),"") | AG63: =INPUT!$B$10 | AH63: =IFERROR(VLOOKUP($AA$63,INPUT!$A$18:$D$24,4,FALSE),"") | AI63: =INPUT!$B$11 | AJ63: =INPUT!$B$12 | AK63: =INPUT!$B$13 | AL63: =INPUT!$B$14 | AM63: =INPUT!$B$15 | BD63: =IFERROR(VLOOKUP($P$63,INPUT!$A$48:$I$156,7,FALSE),"") | BE63: =IFERROR(VLOOKUP($P$63,INPUT!$A$48:$I$156,8,FALSE),"") | BF63: =IFERROR(VLOOKUP($P$63,INPUT!$A$48:$I$156,9,FALSE),"") | BG63: =IF(TRIM($Q$63)<>"",TRIM($Q$63),TRIM($R$63))
A64: =INPUT!$B$5 | B64: 03 | G64: =INPUT!$B$6 | H64: =IFERROR(VLOOKUP($P$64,INPUT!$A$48:$I$156,6,FALSE),"") | P64: wouldyourather_d02_ii03 | Q64: =IFERROR(VLOOKUP($P$64,INPUT!$A$48:$I$156,4,FALSE),"") | R64: =IFERROR(VLOOKUP($P$64,INPUT!$A$48:$I$156,3,FALSE),"") | U64: ="<aside>🅰1️⃣"&$H$62&"<br><br>🅰2️⃣"&$H$63&"<br><br><strong>🅱1️⃣"&$H$64&"</strong><br><br>🅱2️⃣___________</mark>" | Y64: =INPUT!$B$7 | Z64: =INPUT!$B$8 | AA64: =IFERROR(VLOOKUP($P$64,INPUT!$A$48:$I$156,5,FALSE),"") | AB64: =IFERROR(VLOOKUP($AA$64,INPUT!$A$18:$D$24,2,FALSE),"") | AC64: =INPUT!$B$9 | AF64: =IFERROR(VLOOKUP($AA$64,INPUT!$A$18:$D$24,3,FALSE),"") | AG64: =INPUT!$B$10 | AH64: =IFERROR(VLOOKUP($AA$64,INPUT!$A$18:$D$24,4,FALSE),"") | AI64: =INPUT!$B$11 | AJ64: =INPUT!$B$12 | AK64: =INPUT!$B$13 | AL64: =INPUT!$B$14 | AM64: =INPUT!$B$15 | BD64: =IFERROR(VLOOKUP($P$64,INPUT!$A$48:$I$156,7,FALSE),"") | BE64: =IFERROR(VLOOKUP($P$64,INPUT!$A$48:$I$156,8,FALSE),"") | BF64: =IFERROR(VLOOKUP($P$64,INPUT!$A$48:$I$156,9,FALSE),"") | BG64: =IF(TRIM($Q$64)<>"",TRIM($Q$64),TRIM($R$64))
A65: =INPUT!$B$5 | B65: 04 | G65: =INPUT!$B$6 | H65: =IFERROR(VLOOKUP($P$65,INPUT!$A$48:$I$156,6,FALSE),"") | P65: wouldyourather_d02_ii04 | Q65: =IFERROR(VLOOKUP($P$65,INPUT!$A$48:$I$156,4,FALSE),"") | R65: =IFERROR(VLOOKUP($P$65,INPUT!$A$48:$I$156,3,FALSE),"") | U65: ="<aside>🅰1️⃣"&$H$62&"<br><br>🅰2️⃣"&$H$63&"<br><br>🅱1️⃣"&$H$64&"<br><br><strong>🅱2️⃣"&$H$65&"</mark>" | Y65: =INPUT!$B$7 | Z65: =INPUT!$B$8 | AA65: =IFERROR(VLOOKUP($P$65,INPUT!$A$48:$I$156,5,FALSE),"") | AB65: =IFERROR(VLOOKUP($AA$65,INPUT!$A$18:$D$24,2,FALSE),"") | AC65: =INPUT!$B$9 | AF65: =IFERROR(VLOOKUP($AA$65,INPUT!$A$18:$D$24,3,FALSE),"") | AG65: =INPUT!$B$10 | AH65: =IFERROR(VLOOKUP($AA$65,INPUT!$A$18:$D$24,4,FALSE),"") | AI65: =INPUT!$B$11 | AJ65: =INPUT!$B$12 | AK65: =INPUT!$B$13 | AL65: =INPUT!$B$14 | AM65: =INPUT!$B$15 | BD65: =IFERROR(VLOOKUP($P$65,INPUT!$A$48:$I$156,7,FALSE),"") | BE65: =IFERROR(VLOOKUP($P$65,INPUT!$A$48:$I$156,8,FALSE),"") | BF65: =IFERROR(VLOOKUP($P$65,INPUT!$A$48:$I$156,9,FALSE),"") | BG65: =IF(TRIM($Q$65)<>"",TRIM($Q$65),TRIM($R$65))
A66: =INPUT!$B$5 | B66: 01 | G66: =INPUT!$B$6 | H66: =IFERROR(VLOOKUP($P$66,INPUT!$A$48:$I$156,6,FALSE),"") | P66: wouldyourather_d03_i01 | Q66: =IFERROR(VLOOKUP($P$66,INPUT!$A$48:$I$156,4,FALSE),"") | R66: =IFERROR(VLOOKUP($P$66,INPUT!$A$48:$I$156,3,FALSE),"") | U66: ="<aside><strong>🅰1️⃣"&$H$66&"</strong><br><br>🅰2️⃣___________<br><br>🅱1️⃣___________<br><br>🅱2️⃣___________></mark>" | Y66: =INPUT!$B$7 | Z66: =INPUT!$B$8 | AA66: =IFERROR(VLOOKUP($P$66,INPUT!$A$48:$I$156,5,FALSE),"") | AB66: =IFERROR(VLOOKUP($AA$66,INPUT!$A$18:$D$24,2,FALSE),"") | AC66: =INPUT!$B$9 | AF66: =IFERROR(VLOOKUP($AA$66,INPUT!$A$18:$D$24,3,FALSE),"") | AG66: =INPUT!$B$10 | AH66: =IFERROR(VLOOKUP($AA$66,INPUT!$A$18:$D$24,4,FALSE),"") | AI66: =INPUT!$B$11 | AJ66: =INPUT!$B$12 | AK66: =INPUT!$B$13 | AL66: =INPUT!$B$14 | AM66: =INPUT!$B$15 | BD66: =IFERROR(VLOOKUP($P$66,INPUT!$A$48:$I$156,7,FALSE),"") | BE66: =IFERROR(VLOOKUP($P$66,INPUT!$A$48:$I$156,8,FALSE),"") | BF66: =IFERROR(VLOOKUP($P$66,INPUT!$A$48:$I$156,9,FALSE),"") | BG66: =IF(TRIM($Q$66)<>"",TRIM($Q$66),TRIM($R$66))
A67: =INPUT!$B$5 | B67: 02 | G67: =INPUT!$B$6 | H67: =IFERROR(VLOOKUP($P$67,INPUT!$A$48:$I$156,6,FALSE),"") | P67: wouldyourather_d03_i02 | Q67: =IFERROR(VLOOKUP($P$67,INPUT!$A$48:$I$156,4,FALSE),"") | R67: =IFERROR(VLOOKUP($P$67,INPUT!$A$48:$I$156,3,FALSE),"") | U67: ="<aside>🅰1️⃣"&$H$66&"<br><br><strong>🅰2️⃣"&$H$67&"</strong><br><br>🅱1️⃣___________<br><br>🅱2️⃣___________</mark>" | Y67: =INPUT!$B$7 | Z67: =INPUT!$B$8 | AA67: =IFERROR(VLOOKUP($P$67,INPUT!$A$48:$I$156,5,FALSE),"") | AB67: =IFERROR(VLOOKUP($AA$67,INPUT!$A$18:$D$24,2,FALSE),"") | AC67: =INPUT!$B$9 | AF67: =IFERROR(VLOOKUP($AA$67,INPUT!$A$18:$D$24,3,FALSE),"") | AG67: =INPUT!$B$10 | AH67: =IFERROR(VLOOKUP($AA$67,INPUT!$A$18:$D$24,4,FALSE),"") | AI67: =INPUT!$B$11 | AJ67: =INPUT!$B$12 | AK67: =INPUT!$B$13 | AL67: =INPUT!$B$14 | AM67: =INPUT!$B$15 | BD67: =IFERROR(VLOOKUP($P$67,INPUT!$A$48:$I$156,7,FALSE),"") | BE67: =IFERROR(VLOOKUP($P$67,INPUT!$A$48:$I$156,8,FALSE),"") | BF67: =IFERROR(VLOOKUP($P$67,INPUT!$A$48:$I$156,9,FALSE),"") | BG67: =IF(TRIM($Q$67)<>"",TRIM($Q$67),TRIM($R$67))
A68: =INPUT!$B$5 | B68: 03 | G68: =INPUT!$B$6 | H68: =IFERROR(VLOOKUP($P$68,INPUT!$A$48:$I$156,6,FALSE),"") | P68: wouldyourather_d03_i03 | Q68: =IFERROR(VLOOKUP($P$68,INPUT!$A$48:$I$156,4,FALSE),"") | R68: =IFERROR(VLOOKUP($P$68,INPUT!$A$48:$I$156,3,FALSE),"") | U68: ="<aside>🅰1️⃣"&$H$66&"<br><br>🅰2️⃣"&$H$67&"<br><br><strong>🅱1️⃣"&$H$68&"</strong><br><br>🅱2️⃣___________</mark>" | Y68: =INPUT!$B$7 | Z68: =INPUT!$B$8 | AA68: =IFERROR(VLOOKUP($P$68,INPUT!$A$48:$I$156,5,FALSE),"") | AB68: =IFERROR(VLOOKUP($AA$68,INPUT!$A$18:$D$24,2,FALSE),"") | AC68: =INPUT!$B$9 | AF68: =IFERROR(VLOOKUP($AA$68,INPUT!$A$18:$D$24,3,FALSE),"") | AG68: =INPUT!$B$10 | AH68: =IFERROR(VLOOKUP($AA$68,INPUT!$A$18:$D$24,4,FALSE),"") | AI68: =INPUT!$B$11 | AJ68: =INPUT!$B$12 | AK68: =INPUT!$B$13 | AL68: =INPUT!$B$14 | AM68: =INPUT!$B$15 | BD68: =IFERROR(VLOOKUP($P$68,INPUT!$A$48:$I$156,7,FALSE),"") | BE68: =IFERROR(VLOOKUP($P$68,INPUT!$A$48:$I$156,8,FALSE),"") | BF68: =IFERROR(VLOOKUP($P$68,INPUT!$A$48:$I$156,9,FALSE),"") | BG68: =IF(TRIM($Q$68)<>"",TRIM($Q$68),TRIM($R$68))
A69: =INPUT!$B$5 | B69: 04 | G69: =INPUT!$B$6 | H69: =IFERROR(VLOOKUP($P$69,INPUT!$A$48:$I$156,6,FALSE),"") | P69: wouldyourather_d03_i04 | Q69: =IFERROR(VLOOKUP($P$69,INPUT!$A$48:$I$156,4,FALSE),"") | R69: =IFERROR(VLOOKUP($P$69,INPUT!$A$48:$I$156,3,FALSE),"") | U69: ="<aside>🅰1️⃣"&$H$66&"<br><br>🅰2️⃣"&$H$67&"<br><br>🅱1️⃣"&$H$68&"<br><br><strong>🅱2️⃣"&$H$69&"</mark>" | Y69: =INPUT!$B$7 | Z69: =INPUT!$B$8 | AA69: =IFERROR(VLOOKUP($P$69,INPUT!$A$48:$I$156,5,FALSE),"") | AB69: =IFERROR(VLOOKUP($AA$69,INPUT!$A$18:$D$24,2,FALSE),"") | AC69: =INPUT!$B$9 | AF69: =IFERROR(VLOOKUP($AA$69,INPUT!$A$18:$D$24,3,FALSE),"") | AG69: =INPUT!$B$10 | AH69: =IFERROR(VLOOKUP($AA$69,INPUT!$A$18:$D$24,4,FALSE),"") | AI69: =INPUT!$B$11 | AJ69: =INPUT!$B$12 | AK69: =INPUT!$B$13 | AL69: =INPUT!$B$14 | AM69: =INPUT!$B$15 | BD69: =IFERROR(VLOOKUP($P$69,INPUT!$A$48:$I$156,7,FALSE),"") | BE69: =IFERROR(VLOOKUP($P$69,INPUT!$A$48:$I$156,8,FALSE),"") | BF69: =IFERROR(VLOOKUP($P$69,INPUT!$A$48:$I$156,9,FALSE),"") | BG69: =IF(TRIM($Q$69)<>"",TRIM($Q$69),TRIM($R$69))
A70: =INPUT!$B$5 | B70: 01 | G70: =INPUT!$B$6 | H70: =IFERROR(VLOOKUP($P$70,INPUT!$A$48:$I$156,6,FALSE),"") | P70: wouldyourather_d03_ii01 | Q70: =IFERROR(VLOOKUP($P$70,INPUT!$A$48:$I$156,4,FALSE),"") | R70: =IFERROR(VLOOKUP($P$70,INPUT!$A$48:$I$156,3,FALSE),"") | U70: ="<aside><strong>🅰1️⃣"&$H$70&"</strong><br><br>🅰2️⃣___________<br><br>🅱1️⃣___________<br><br>🅱2️⃣___________></mark>" | Y70: =INPUT!$B$7 | Z70: =INPUT!$B$8 | AA70: =IFERROR(VLOOKUP($P$70,INPUT!$A$48:$I$156,5,FALSE),"") | AB70: =IFERROR(VLOOKUP($AA$70,INPUT!$A$18:$D$24,2,FALSE),"") | AC70: =INPUT!$B$9 | AF70: =IFERROR(VLOOKUP($AA$70,INPUT!$A$18:$D$24,3,FALSE),"") | AG70: =INPUT!$B$10 | AH70: =IFERROR(VLOOKUP($AA$70,INPUT!$A$18:$D$24,4,FALSE),"") | AI70: =INPUT!$B$11 | AJ70: =INPUT!$B$12 | AK70: =INPUT!$B$13 | AL70: =INPUT!$B$14 | AM70: =INPUT!$B$15 | BD70: =IFERROR(VLOOKUP($P$70,INPUT!$A$48:$I$156,7,FALSE),"") | BE70: =IFERROR(VLOOKUP($P$70,INPUT!$A$48:$I$156,8,FALSE),"") | BF70: =IFERROR(VLOOKUP($P$70,INPUT!$A$48:$I$156,9,FALSE),"") | BG70: =IF(TRIM($Q$70)<>"",TRIM($Q$70),TRIM($R$70))
A71: =INPUT!$B$5 | B71: 02 | G71: =INPUT!$B$6 | H71: =IFERROR(VLOOKUP($P$71,INPUT!$A$48:$I$156,6,FALSE),"") | P71: wouldyourather_d03_ii02 | Q71: =IFERROR(VLOOKUP($P$71,INPUT!$A$48:$I$156,4,FALSE),"") | R71: =IFERROR(VLOOKUP($P$71,INPUT!$A$48:$I$156,3,FALSE),"") | U71: ="<aside>🅰1️⃣"&$H$70&"<br><br><strong>🅰2️⃣"&$H$71&"</strong><br><br>🅱1️⃣___________<br><br>🅱2️⃣___________</mark>" | Y71: =INPUT!$B$7 | Z71: =INPUT!$B$8 | AA71: =IFERROR(VLOOKUP($P$71,INPUT!$A$48:$I$156,5,FALSE),"") | AB71: =IFERROR(VLOOKUP($AA$71,INPUT!$A$18:$D$24,2,FALSE),"") | AC71: =INPUT!$B$9 | AF71: =IFERROR(VLOOKUP($AA$71,INPUT!$A$18:$D$24,3,FALSE),"") | AG71: =INPUT!$B$10 | AH71: =IFERROR(VLOOKUP($AA$71,INPUT!$A$18:$D$24,4,FALSE),"") | AI71: =INPUT!$B$11 | AJ71: =INPUT!$B$12 | AK71: =INPUT!$B$13 | AL71: =INPUT!$B$14 | AM71: =INPUT!$B$15 | BD71: =IFERROR(VLOOKUP($P$71,INPUT!$A$48:$I$156,7,FALSE),"") | BE71: =IFERROR(VLOOKUP($P$71,INPUT!$A$48:$I$156,8,FALSE),"") | BF71: =IFERROR(VLOOKUP($P$71,INPUT!$A$48:$I$156,9,FALSE),"") | BG71: =IF(TRIM($Q$71)<>"",TRIM($Q$71),TRIM($R$71))
A72: =INPUT!$B$5 | B72: 03 | G72: =INPUT!$B$6 | H72: =IFERROR(VLOOKUP($P$72,INPUT!$A$48:$I$156,6,FALSE),"") | P72: wouldyourather_d03_ii03 | Q72: =IFERROR(VLOOKUP($P$72,INPUT!$A$48:$I$156,4,FALSE),"") | R72: =IFERROR(VLOOKUP($P$72,INPUT!$A$48:$I$156,3,FALSE),"") | U72: ="<aside>🅰1️⃣"&$H$70&"<br><br>🅰2️⃣"&$H$71&"<br><br><strong>🅱1️⃣"&$H$72&"</strong><br><br>🅱2️⃣___________</mark>" | Y72: =INPUT!$B$7 | Z72: =INPUT!$B$8 | AA72: =IFERROR(VLOOKUP($P$72,INPUT!$A$48:$I$156,5,FALSE),"") | AB72: =IFERROR(VLOOKUP($AA$72,INPUT!$A$18:$D$24,2,FALSE),"") | AC72: =INPUT!$B$9 | AF72: =IFERROR(VLOOKUP($AA$72,INPUT!$A$18:$D$24,3,FALSE),"") | AG72: =INPUT!$B$10 | AH72: =IFERROR(VLOOKUP($AA$72,INPUT!$A$18:$D$24,4,FALSE),"") | AI72: =INPUT!$B$11 | AJ72: =INPUT!$B$12 | AK72: =INPUT!$B$13 | AL72: =INPUT!$B$14 | AM72: =INPUT!$B$15 | BD72: =IFERROR(VLOOKUP($P$72,INPUT!$A$48:$I$156,7,FALSE),"") | BE72: =IFERROR(VLOOKUP($P$72,INPUT!$A$48:$I$156,8,FALSE),"") | BF72: =IFERROR(VLOOKUP($P$72,INPUT!$A$48:$I$156,9,FALSE),"") | BG72: =IF(TRIM($Q$72)<>"",TRIM($Q$72),TRIM($R$72))
A73: =INPUT!$B$5 | B73: 04 | G73: =INPUT!$B$6 | H73: =IFERROR(VLOOKUP($P$73,INPUT!$A$48:$I$156,6,FALSE),"") | P73: wouldyourather_d03_ii04 | Q73: =IFERROR(VLOOKUP($P$73,INPUT!$A$48:$I$156,4,FALSE),"") | R73: =IFERROR(VLOOKUP($P$73,INPUT!$A$48:$I$156,3,FALSE),"") | U73: ="<aside>🅰1️⃣"&$H$70&"<br><br>🅰2️⃣"&$H$71&"<br><br>🅱1️⃣"&$H$72&"<br><br><strong>🅱2️⃣"&$H$73&"</mark>" | Y73: =INPUT!$B$7 | Z73: =INPUT!$B$8 | AA73: =IFERROR(VLOOKUP($P$73,INPUT!$A$48:$I$156,5,FALSE),"") | AB73: =IFERROR(VLOOKUP($AA$73,INPUT!$A$18:$D$24,2,FALSE),"") | AC73: =INPUT!$B$9 | AF73: =IFERROR(VLOOKUP($AA$73,INPUT!$A$18:$D$24,3,FALSE),"") | AG73: =INPUT!$B$10 | AH73: =IFERROR(VLOOKUP($AA$73,INPUT!$A$18:$D$24,4,FALSE),"") | AI73: =INPUT!$B$11 | AJ73: =INPUT!$B$12 | AK73: =INPUT!$B$13 | AL73: =INPUT!$B$14 | AM73: =INPUT!$B$15 | BD73: =IFERROR(VLOOKUP($P$73,INPUT!$A$48:$I$156,7,FALSE),"") | BE73: =IFERROR(VLOOKUP($P$73,INPUT!$A$48:$I$156,8,FALSE),"") | BF73: =IFERROR(VLOOKUP($P$73,INPUT!$A$48:$I$156,9,FALSE),"") | BG73: =IF(TRIM($Q$73)<>"",TRIM($Q$73),TRIM($R$73))
A74: =INPUT!$B$5 | B74: 01 | G74: =INPUT!$B$6 | H74: =IFERROR(VLOOKUP($P$74,INPUT!$A$48:$I$156,6,FALSE),"") | P74: wouldyourather_e0101 | Q74: =IFERROR(VLOOKUP($P$74,INPUT!$A$48:$I$156,4,FALSE),"") | R74: =IFERROR(VLOOKUP($P$74,INPUT!$A$48:$I$156,3,FALSE),"") | U74: ="<aside><strong>🅰1️⃣"&$H$74&"</strong><br><br>🅰2️⃣___________<br><br>🅱1️⃣___________<br><br>🅱2️⃣___________></mark>" | Y74: =INPUT!$B$7 | Z74: =INPUT!$B$8 | AA74: =IFERROR(VLOOKUP($P$74,INPUT!$A$48:$I$156,5,FALSE),"") | AB74: =IFERROR(VLOOKUP($AA$74,INPUT!$A$18:$D$24,2,FALSE),"") | AC74: =INPUT!$B$9 | AF74: =IFERROR(VLOOKUP($AA$74,INPUT!$A$18:$D$24,3,FALSE),"") | AG74: =INPUT!$B$10 | AH74: =IFERROR(VLOOKUP($AA$74,INPUT!$A$18:$D$24,4,FALSE),"") | AI74: =INPUT!$B$11 | AJ74: =INPUT!$B$12 | AK74: =INPUT!$B$13 | AL74: =INPUT!$B$14 | AM74: =INPUT!$B$15 | BD74: =IFERROR(VLOOKUP($P$74,INPUT!$A$48:$I$156,7,FALSE),"") | BE74: =IFERROR(VLOOKUP($P$74,INPUT!$A$48:$I$156,8,FALSE),"") | BF74: =IFERROR(VLOOKUP($P$74,INPUT!$A$48:$I$156,9,FALSE),"") | BG74: =IF(TRIM($Q$74)<>"",TRIM($Q$74),TRIM($R$74))
A75: =INPUT!$B$5 | B75: 02 | G75: =INPUT!$B$6 | H75: =IFERROR(VLOOKUP($P$75,INPUT!$A$48:$I$156,6,FALSE),"") | P75: wouldyourather_e0102 | Q75: =IFERROR(VLOOKUP($P$75,INPUT!$A$48:$I$156,4,FALSE),"") | R75: =IFERROR(VLOOKUP($P$75,INPUT!$A$48:$I$156,3,FALSE),"") | U75: ="<aside>🅰1️⃣"&$H$74&"<br><br><strong>🅰2️⃣"&$H$75&"</strong><br><br>🅱1️⃣___________<br><br>🅱2️⃣___________</mark>" | Y75: =INPUT!$B$7 | Z75: =INPUT!$B$8 | AA75: =IFERROR(VLOOKUP($P$75,INPUT!$A$48:$I$156,5,FALSE),"") | AB75: =IFERROR(VLOOKUP($AA$75,INPUT!$A$18:$D$24,2,FALSE),"") | AC75: =INPUT!$B$9 | AF75: =IFERROR(VLOOKUP($AA$75,INPUT!$A$18:$D$24,3,FALSE),"") | AG75: =INPUT!$B$10 | AH75: =IFERROR(VLOOKUP($AA$75,INPUT!$A$18:$D$24,4,FALSE),"") | AI75: =INPUT!$B$11 | AJ75: =INPUT!$B$12 | AK75: =INPUT!$B$13 | AL75: =INPUT!$B$14 | AM75: =INPUT!$B$15 | BD75: =IFERROR(VLOOKUP($P$75,INPUT!$A$48:$I$156,7,FALSE),"") | BE75: =IFERROR(VLOOKUP($P$75,INPUT!$A$48:$I$156,8,FALSE),"") | BF75: =IFERROR(VLOOKUP($P$75,INPUT!$A$48:$I$156,9,FALSE),"") | BG75: =IF(TRIM($Q$75)<>"",TRIM($Q$75),TRIM($R$75))
A76: =INPUT!$B$5 | B76: 03 | G76: =INPUT!$B$6 | H76: =IFERROR(VLOOKUP($P$76,INPUT!$A$48:$I$156,6,FALSE),"") | P76: wouldyourather_e0103 | Q76: =IFERROR(VLOOKUP($P$76,INPUT!$A$48:$I$156,4,FALSE),"") | R76: =IFERROR(VLOOKUP($P$76,INPUT!$A$48:$I$156,3,FALSE),"") | U76: ="<aside>🅰1️⃣"&$H$74&"<br><br>🅰2️⃣"&$H$75&"<br><br><strong>🅱1️⃣"&$H$76&"</strong><br><br>🅱2️⃣___________</mark>" | Y76: =INPUT!$B$7 | Z76: =INPUT!$B$8 | AA76: =IFERROR(VLOOKUP($P$76,INPUT!$A$48:$I$156,5,FALSE),"") | AB76: =IFERROR(VLOOKUP($AA$76,INPUT!$A$18:$D$24,2,FALSE),"") | AC76: =INPUT!$B$9 | AF76: =IFERROR(VLOOKUP($AA$76,INPUT!$A$18:$D$24,3,FALSE),"") | AG76: =INPUT!$B$10 | AH76: =IFERROR(VLOOKUP($AA$76,INPUT!$A$18:$D$24,4,FALSE),"") | AI76: =INPUT!$B$11 | AJ76: =INPUT!$B$12 | AK76: =INPUT!$B$13 | AL76: =INPUT!$B$14 | AM76: =INPUT!$B$15 | BD76: =IFERROR(VLOOKUP($P$76,INPUT!$A$48:$I$156,7,FALSE),"") | BE76: =IFERROR(VLOOKUP($P$76,INPUT!$A$48:$I$156,8,FALSE),"") | BF76: =IFERROR(VLOOKUP($P$76,INPUT!$A$48:$I$156,9,FALSE),"") | BG76: =IF(TRIM($Q$76)<>"",TRIM($Q$76),TRIM($R$76))
A77: =INPUT!$B$5 | B77: 04 | G77: =INPUT!$B$6 | H77: =IFERROR(VLOOKUP($P$77,INPUT!$A$48:$I$156,6,FALSE),"") | P77: wouldyourather_e0104 | Q77: =IFERROR(VLOOKUP($P$77,INPUT!$A$48:$I$156,4,FALSE),"") | R77: =IFERROR(VLOOKUP($P$77,INPUT!$A$48:$I$156,3,FALSE),"") | U77: ="<aside>🅰1️⃣"&$H$74&"<br><br>🅰2️⃣"&$H$75&"<br><br>🅱1️⃣"&$H$76&"<br><br><strong>🅱2️⃣"&$H$77&"</mark>" | Y77: =INPUT!$B$7 | Z77: =INPUT!$B$8 | AA77: =IFERROR(VLOOKUP($P$77,INPUT!$A$48:$I$156,5,FALSE),"") | AB77: =IFERROR(VLOOKUP($AA$77,INPUT!$A$18:$D$24,2,FALSE),"") | AC77: =INPUT!$B$9 | AF77: =IFERROR(VLOOKUP($AA$77,INPUT!$A$18:$D$24,3,FALSE),"") | AG77: =INPUT!$B$10 | AH77: =IFERROR(VLOOKUP($AA$77,INPUT!$A$18:$D$24,4,FALSE),"") | AI77: =INPUT!$B$11 | AJ77: =INPUT!$B$12 | AK77: =INPUT!$B$13 | AL77: =INPUT!$B$14 | AM77: =INPUT!$B$15 | BD77: =IFERROR(VLOOKUP($P$77,INPUT!$A$48:$I$156,7,FALSE),"") | BE77: =IFERROR(VLOOKUP($P$77,INPUT!$A$48:$I$156,8,FALSE),"") | BF77: =IFERROR(VLOOKUP($P$77,INPUT!$A$48:$I$156,9,FALSE),"") | BG77: =IF(TRIM($Q$77)<>"",TRIM($Q$77),TRIM($R$77))
A78: =INPUT!$B$5 | B78: 01 | G78: =INPUT!$B$6 | H78: =IFERROR(VLOOKUP($P$78,INPUT!$A$48:$I$156,6,FALSE),"") | P78: wouldyourather_e0201 | Q78: =IFERROR(VLOOKUP($P$78,INPUT!$A$48:$I$156,4,FALSE),"") | R78: =IFERROR(VLOOKUP($P$78,INPUT!$A$48:$I$156,3,FALSE),"") | U78: ="<aside><strong>🅰1️⃣"&$H$78&"</strong><br><br>🅰2️⃣___________<br><br>🅱1️⃣___________<br><br>🅱2️⃣___________></mark>" | Y78: =INPUT!$B$7 | Z78: =INPUT!$B$8 | AA78: =IFERROR(VLOOKUP($P$78,INPUT!$A$48:$I$156,5,FALSE),"") | AB78: =IFERROR(VLOOKUP($AA$78,INPUT!$A$18:$D$24,2,FALSE),"") | AC78: =INPUT!$B$9 | AF78: =IFERROR(VLOOKUP($AA$78,INPUT!$A$18:$D$24,3,FALSE),"") | AG78: =INPUT!$B$10 | AH78: =IFERROR(VLOOKUP($AA$78,INPUT!$A$18:$D$24,4,FALSE),"") | AI78: =INPUT!$B$11 | AJ78: =INPUT!$B$12 | AK78: =INPUT!$B$13 | AL78: =INPUT!$B$14 | AM78: =INPUT!$B$15 | BD78: =IFERROR(VLOOKUP($P$78,INPUT!$A$48:$I$156,7,FALSE),"") | BE78: =IFERROR(VLOOKUP($P$78,INPUT!$A$48:$I$156,8,FALSE),"") | BF78: =IFERROR(VLOOKUP($P$78,INPUT!$A$48:$I$156,9,FALSE),"") | BG78: =IF(TRIM($Q$78)<>"",TRIM($Q$78),TRIM($R$78))
A79: =INPUT!$B$5 | B79: 02 | G79: =INPUT!$B$6 | H79: =IFERROR(VLOOKUP($P$79,INPUT!$A$48:$I$156,6,FALSE),"") | P79: wouldyourather_e0202 | Q79: =IFERROR(VLOOKUP($P$79,INPUT!$A$48:$I$156,4,FALSE),"") | R79: =IFERROR(VLOOKUP($P$79,INPUT!$A$48:$I$156,3,FALSE),"") | U79: ="<aside>🅰1️⃣"&$H$78&"<br><br><strong>🅰2️⃣"&$H$79&"</strong><br><br>🅱1️⃣___________<br><br>🅱2️⃣___________</mark>" | Y79: =INPUT!$B$7 | Z79: =INPUT!$B$8 | AA79: =IFERROR(VLOOKUP($P$79,INPUT!$A$48:$I$156,5,FALSE),"") | AB79: =IFERROR(VLOOKUP($AA$79,INPUT!$A$18:$D$24,2,FALSE),"") | AC79: =INPUT!$B$9 | AF79: =IFERROR(VLOOKUP($AA$79,INPUT!$A$18:$D$24,3,FALSE),"") | AG79: =INPUT!$B$10 | AH79: =IFERROR(VLOOKUP($AA$79,INPUT!$A$18:$D$24,4,FALSE),"") | AI79: =INPUT!$B$11 | AJ79: =INPUT!$B$12 | AK79: =INPUT!$B$13 | AL79: =INPUT!$B$14 | AM79: =INPUT!$B$15 | BD79: =IFERROR(VLOOKUP($P$79,INPUT!$A$48:$I$156,7,FALSE),"") | BE79: =IFERROR(VLOOKUP($P$79,INPUT!$A$48:$I$156,8,FALSE),"") | BF79: =IFERROR(VLOOKUP($P$79,INPUT!$A$48:$I$156,9,FALSE),"") | BG79: =IF(TRIM($Q$79)<>"",TRIM($Q$79),TRIM($R$79))
A80: =INPUT!$B$5 | B80: 03 | G80: =INPUT!$B$6 | H80: =IFERROR(VLOOKUP($P$80,INPUT!$A$48:$I$156,6,FALSE),"") | P80: wouldyourather_e0203 | Q80: =IFERROR(VLOOKUP($P$80,INPUT!$A$48:$I$156,4,FALSE),"") | R80: =IFERROR(VLOOKUP($P$80,INPUT!$A$48:$I$156,3,FALSE),"") | U80: ="<aside>🅰1️⃣"&$H$78&"<br><br>🅰2️⃣"&$H$79&"<br><br><strong>🅱1️⃣"&$H$80&"</strong><br><br>🅱2️⃣___________</mark>" | Y80: =INPUT!$B$7 | Z80: =INPUT!$B$8 | AA80: =IFERROR(VLOOKUP($P$80,INPUT!$A$48:$I$156,5,FALSE),"") | AB80: =IFERROR(VLOOKUP($AA$80,INPUT!$A$18:$D$24,2,FALSE),"") | AC80: =INPUT!$B$9 | AF80: =IFERROR(VLOOKUP($AA$80,INPUT!$A$18:$D$24,3,FALSE),"") | AG80: =INPUT!$B$10 | AH80: =IFERROR(VLOOKUP($AA$80,INPUT!$A$18:$D$24,4,FALSE),"") | AI80: =INPUT!$B$11 | AJ80: =INPUT!$B$12 | AK80: =INPUT!$B$13 | AL80: =INPUT!$B$14 | AM80: =INPUT!$B$15 | BD80: =IFERROR(VLOOKUP($P$80,INPUT!$A$48:$I$156,7,FALSE),"") | BE80: =IFERROR(VLOOKUP($P$80,INPUT!$A$48:$I$156,8,FALSE),"") | BF80: =IFERROR(VLOOKUP($P$80,INPUT!$A$48:$I$156,9,FALSE),"") | BG80: =IF(TRIM($Q$80)<>"",TRIM($Q$80),TRIM($R$80))
A81: =INPUT!$B$5 | B81: 04 | G81: =INPUT!$B$6 | H81: =IFERROR(VLOOKUP($P$81,INPUT!$A$48:$I$156,6,FALSE),"") | P81: wouldyourather_e0204 | Q81: =IFERROR(VLOOKUP($P$81,INPUT!$A$48:$I$156,4,FALSE),"") | R81: =IFERROR(VLOOKUP($P$81,INPUT!$A$48:$I$156,3,FALSE),"") | U81: ="<aside>🅰1️⃣"&$H$78&"<br><br>🅰2️⃣"&$H$79&"<br><br>🅱1️⃣"&$H$80&"<br><br><strong>🅱2️⃣"&$H$81&"</mark>" | Y81: =INPUT!$B$7 | Z81: =INPUT!$B$8 | AA81: =IFERROR(VLOOKUP($P$81,INPUT!$A$48:$I$156,5,FALSE),"") | AB81: =IFERROR(VLOOKUP($AA$81,INPUT!$A$18:$D$24,2,FALSE),"") | AC81: =INPUT!$B$9 | AF81: =IFERROR(VLOOKUP($AA$81,INPUT!$A$18:$D$24,3,FALSE),"") | AG81: =INPUT!$B$10 | AH81: =IFERROR(VLOOKUP($AA$81,INPUT!$A$18:$D$24,4,FALSE),"") | AI81: =INPUT!$B$11 | AJ81: =INPUT!$B$12 | AK81: =INPUT!$B$13 | AL81: =INPUT!$B$14 | AM81: =INPUT!$B$15 | BD81: =IFERROR(VLOOKUP($P$81,INPUT!$A$48:$I$156,7,FALSE),"") | BE81: =IFERROR(VLOOKUP($P$81,INPUT!$A$48:$I$156,8,FALSE),"") | BF81: =IFERROR(VLOOKUP($P$81,INPUT!$A$48:$I$156,9,FALSE),"") | BG81: =IF(TRIM($Q$81)<>"",TRIM($Q$81),TRIM($R$81))
A82: =INPUT!$B$5 | B82: 01 | G82: =INPUT!$B$6 | H82: =IFERROR(VLOOKUP($P$82,INPUT!$A$48:$I$156,6,FALSE),"") | P82: wouldyourather_e0301 | Q82: =IFERROR(VLOOKUP($P$82,INPUT!$A$48:$I$156,4,FALSE),"") | R82: =IFERROR(VLOOKUP($P$82,INPUT!$A$48:$I$156,3,FALSE),"") | U82: ="<aside><strong>🅰1️⃣"&$H$82&"</strong><br><br>🅰2️⃣___________<br><br>🅱1️⃣___________<br><br>🅱2️⃣___________></mark>" | Y82: =INPUT!$B$7 | Z82: =INPUT!$B$8 | AA82: =IFERROR(VLOOKUP($P$82,INPUT!$A$48:$I$156,5,FALSE),"") | AB82: =IFERROR(VLOOKUP($AA$82,INPUT!$A$18:$D$24,2,FALSE),"") | AC82: =INPUT!$B$9 | AF82: =IFERROR(VLOOKUP($AA$82,INPUT!$A$18:$D$24,3,FALSE),"") | AG82: =INPUT!$B$10 | AH82: =IFERROR(VLOOKUP($AA$82,INPUT!$A$18:$D$24,4,FALSE),"") | AI82: =INPUT!$B$11 | AJ82: =INPUT!$B$12 | AK82: =INPUT!$B$13 | AL82: =INPUT!$B$14 | AM82: =INPUT!$B$15 | BD82: =IFERROR(VLOOKUP($P$82,INPUT!$A$48:$I$156,7,FALSE),"") | BE82: =IFERROR(VLOOKUP($P$82,INPUT!$A$48:$I$156,8,FALSE),"") | BF82: =IFERROR(VLOOKUP($P$82,INPUT!$A$48:$I$156,9,FALSE),"") | BG82: =IF(TRIM($Q$82)<>"",TRIM($Q$82),TRIM($R$82))
A83: =INPUT!$B$5 | B83: 02 | G83: =INPUT!$B$6 | H83: =IFERROR(VLOOKUP($P$83,INPUT!$A$48:$I$156,6,FALSE),"") | P83: wouldyourather_e0302 | Q83: =IFERROR(VLOOKUP($P$83,INPUT!$A$48:$I$156,4,FALSE),"") | R83: =IFERROR(VLOOKUP($P$83,INPUT!$A$48:$I$156,3,FALSE),"") | U83: ="<aside>🅰1️⃣"&$H$82&"<br><br><strong>🅰2️⃣"&$H$83&"</strong><br><br>🅱1️⃣___________<br><br>🅱2️⃣___________</mark>" | Y83: =INPUT!$B$7 | Z83: =INPUT!$B$8 | AA83: =IFERROR(VLOOKUP($P$83,INPUT!$A$48:$I$156,5,FALSE),"") | AB83: =IFERROR(VLOOKUP($AA$83,INPUT!$A$18:$D$24,2,FALSE),"") | AC83: =INPUT!$B$9 | AF83: =IFERROR(VLOOKUP($AA$83,INPUT!$A$18:$D$24,3,FALSE),"") | AG83: =INPUT!$B$10 | AH83: =IFERROR(VLOOKUP($AA$83,INPUT!$A$18:$D$24,4,FALSE),"") | AI83: =INPUT!$B$11 | AJ83: =INPUT!$B$12 | AK83: =INPUT!$B$13 | AL83: =INPUT!$B$14 | AM83: =INPUT!$B$15 | BD83: =IFERROR(VLOOKUP($P$83,INPUT!$A$48:$I$156,7,FALSE),"") | BE83: =IFERROR(VLOOKUP($P$83,INPUT!$A$48:$I$156,8,FALSE),"") | BF83: =IFERROR(VLOOKUP($P$83,INPUT!$A$48:$I$156,9,FALSE),"") | BG83: =IF(TRIM($Q$83)<>"",TRIM($Q$83),TRIM($R$83))
A84: =INPUT!$B$5 | B84: 03 | G84: =INPUT!$B$6 | H84: =IFERROR(VLOOKUP($P$84,INPUT!$A$48:$I$156,6,FALSE),"") | P84: wouldyourather_e0303 | Q84: =IFERROR(VLOOKUP($P$84,INPUT!$A$48:$I$156,4,FALSE),"") | R84: =IFERROR(VLOOKUP($P$84,INPUT!$A$48:$I$156,3,FALSE),"") | U84: ="<aside>🅰1️⃣"&$H$82&"<br><br>🅰2️⃣"&$H$83&"<br><br><strong>🅱1️⃣"&$H$84&"</strong><br><br>🅱2️⃣___________</mark>" | Y84: =INPUT!$B$7 | Z84: =INPUT!$B$8 | AA84: =IFERROR(VLOOKUP($P$84,INPUT!$A$48:$I$156,5,FALSE),"") | AB84: =IFERROR(VLOOKUP($AA$84,INPUT!$A$18:$D$24,2,FALSE),"") | AC84: =INPUT!$B$9 | AF84: =IFERROR(VLOOKUP($AA$84,INPUT!$A$18:$D$24,3,FALSE),"") | AG84: =INPUT!$B$10 | AH84: =IFERROR(VLOOKUP($AA$84,INPUT!$A$18:$D$24,4,FALSE),"") | AI84: =INPUT!$B$11 | AJ84: =INPUT!$B$12 | AK84: =INPUT!$B$13 | AL84: =INPUT!$B$14 | AM84: =INPUT!$B$15 | BD84: =IFERROR(VLOOKUP($P$84,INPUT!$A$48:$I$156,7,FALSE),"") | BE84: =IFERROR(VLOOKUP($P$84,INPUT!$A$48:$I$156,8,FALSE),"") | BF84: =IFERROR(VLOOKUP($P$84,INPUT!$A$48:$I$156,9,FALSE),"") | BG84: =IF(TRIM($Q$84)<>"",TRIM($Q$84),TRIM($R$84))
A85: =INPUT!$B$5 | B85: 04 | G85: =INPUT!$B$6 | H85: =IFERROR(VLOOKUP($P$85,INPUT!$A$48:$I$156,6,FALSE),"") | P85: wouldyourather_e0304 | Q85: =IFERROR(VLOOKUP($P$85,INPUT!$A$48:$I$156,4,FALSE),"") | R85: =IFERROR(VLOOKUP($P$85,INPUT!$A$48:$I$156,3,FALSE),"") | U85: ="<aside>🅰1️⃣"&$H$82&"<br><br>🅰2️⃣"&$H$83&"<br><br>🅱1️⃣"&$H$84&"<br><br><strong>🅱2️⃣"&$H$85&"</mark>" | Y85: =INPUT!$B$7 | Z85: =INPUT!$B$8 | AA85: =IFERROR(VLOOKUP($P$85,INPUT!$A$48:$I$156,5,FALSE),"") | AB85: =IFERROR(VLOOKUP($AA$85,INPUT!$A$18:$D$24,2,FALSE),"") | AC85: =INPUT!$B$9 | AF85: =IFERROR(VLOOKUP($AA$85,INPUT!$A$18:$D$24,3,FALSE),"") | AG85: =INPUT!$B$10 | AH85: =IFERROR(VLOOKUP($AA$85,INPUT!$A$18:$D$24,4,FALSE),"") | AI85: =INPUT!$B$11 | AJ85: =INPUT!$B$12 | AK85: =INPUT!$B$13 | AL85: =INPUT!$B$14 | AM85: =INPUT!$B$15 | BD85: =IFERROR(VLOOKUP($P$85,INPUT!$A$48:$I$156,7,FALSE),"") | BE85: =IFERROR(VLOOKUP($P$85,INPUT!$A$48:$I$156,8,FALSE),"") | BF85: =IFERROR(VLOOKUP($P$85,INPUT!$A$48:$I$156,9,FALSE),"") | BG85: =IF(TRIM($Q$85)<>"",TRIM($Q$85),TRIM($R$85))
A86: =INPUT!$B$5 | B86: 01 | G86: =INPUT!$B$6 | H86: =IFERROR(VLOOKUP($P$86,INPUT!$A$48:$I$156,6,FALSE),"") | P86: wouldyourather_f01_i01 | Q86: =IFERROR(VLOOKUP($P$86,INPUT!$A$48:$I$156,4,FALSE),"") | R86: =IFERROR(VLOOKUP($P$86,INPUT!$A$48:$I$156,3,FALSE),"") | U86: ="<aside><strong>🅰1️⃣"&$H$86&"</strong><br><br>🅰2️⃣___________<br><br>🅱1️⃣___________<br><br>🅱2️⃣___________></mark>" | Y86: =INPUT!$B$7 | Z86: =INPUT!$B$8 | AA86: =IFERROR(VLOOKUP($P$86,INPUT!$A$48:$I$156,5,FALSE),"") | AB86: =IFERROR(VLOOKUP($AA$86,INPUT!$A$18:$D$24,2,FALSE),"") | AC86: =INPUT!$B$9 | AF86: =IFERROR(VLOOKUP($AA$86,INPUT!$A$18:$D$24,3,FALSE),"") | AG86: =INPUT!$B$10 | AH86: =IFERROR(VLOOKUP($AA$86,INPUT!$A$18:$D$24,4,FALSE),"") | AI86: =INPUT!$B$11 | AJ86: =INPUT!$B$12 | AK86: =INPUT!$B$13 | AL86: =INPUT!$B$14 | AM86: =INPUT!$B$15 | BD86: =IFERROR(VLOOKUP($P$86,INPUT!$A$48:$I$156,7,FALSE),"") | BE86: =IFERROR(VLOOKUP($P$86,INPUT!$A$48:$I$156,8,FALSE),"") | BF86: =IFERROR(VLOOKUP($P$86,INPUT!$A$48:$I$156,9,FALSE),"") | BG86: =IF(TRIM($Q$86)<>"",TRIM($Q$86),TRIM($R$86))
A87: =INPUT!$B$5 | B87: 02 | G87: =INPUT!$B$6 | H87: =IFERROR(VLOOKUP($P$87,INPUT!$A$48:$I$156,6,FALSE),"") | P87: wouldyourather_f01_i02 | Q87: =IFERROR(VLOOKUP($P$87,INPUT!$A$48:$I$156,4,FALSE),"") | R87: =IFERROR(VLOOKUP($P$87,INPUT!$A$48:$I$156,3,FALSE),"") | U87: ="<aside>🅰1️⃣"&$H$86&"<br><br><strong>🅰2️⃣"&$H$87&"</strong><br><br>🅱1️⃣___________<br><br>🅱2️⃣___________</mark>" | Y87: =INPUT!$B$7 | Z87: =INPUT!$B$8 | AA87: =IFERROR(VLOOKUP($P$87,INPUT!$A$48:$I$156,5,FALSE),"") | AB87: =IFERROR(VLOOKUP($AA$87,INPUT!$A$18:$D$24,2,FALSE),"") | AC87: =INPUT!$B$9 | AF87: =IFERROR(VLOOKUP($AA$87,INPUT!$A$18:$D$24,3,FALSE),"") | AG87: =INPUT!$B$10 | AH87: =IFERROR(VLOOKUP($AA$87,INPUT!$A$18:$D$24,4,FALSE),"") | AI87: =INPUT!$B$11 | AJ87: =INPUT!$B$12 | AK87: =INPUT!$B$13 | AL87: =INPUT!$B$14 | AM87: =INPUT!$B$15 | BD87: =IFERROR(VLOOKUP($P$87,INPUT!$A$48:$I$156,7,FALSE),"") | BE87: =IFERROR(VLOOKUP($P$87,INPUT!$A$48:$I$156,8,FALSE),"") | BF87: =IFERROR(VLOOKUP($P$87,INPUT!$A$48:$I$156,9,FALSE),"") | BG87: =IF(TRIM($Q$87)<>"",TRIM($Q$87),TRIM($R$87))
A88: =INPUT!$B$5 | B88: 03 | G88: =INPUT!$B$6 | H88: =IFERROR(VLOOKUP($P$88,INPUT!$A$48:$I$156,6,FALSE),"") | P88: wouldyourather_f01_i03 | Q88: =IFERROR(VLOOKUP($P$88,INPUT!$A$48:$I$156,4,FALSE),"") | R88: =IFERROR(VLOOKUP($P$88,INPUT!$A$48:$I$156,3,FALSE),"") | U88: ="<aside>🅰1️⃣"&$H$86&"<br><br>🅰2️⃣"&$H$87&"<br><br><strong>🅱1️⃣"&$H$88&"</strong><br><br>🅱2️⃣___________</mark>" | Y88: =INPUT!$B$7 | Z88: =INPUT!$B$8 | AA88: =IFERROR(VLOOKUP($P$88,INPUT!$A$48:$I$156,5,FALSE),"") | AB88: =IFERROR(VLOOKUP($AA$88,INPUT!$A$18:$D$24,2,FALSE),"") | AC88: =INPUT!$B$9 | AF88: =IFERROR(VLOOKUP($AA$88,INPUT!$A$18:$D$24,3,FALSE),"") | AG88: =INPUT!$B$10 | AH88: =IFERROR(VLOOKUP($AA$88,INPUT!$A$18:$D$24,4,FALSE),"") | AI88: =INPUT!$B$11 | AJ88: =INPUT!$B$12 | AK88: =INPUT!$B$13 | AL88: =INPUT!$B$14 | AM88: =INPUT!$B$15 | BD88: =IFERROR(VLOOKUP($P$88,INPUT!$A$48:$I$156,7,FALSE),"") | BE88: =IFERROR(VLOOKUP($P$88,INPUT!$A$48:$I$156,8,FALSE),"") | BF88: =IFERROR(VLOOKUP($P$88,INPUT!$A$48:$I$156,9,FALSE),"") | BG88: =IF(TRIM($Q$88)<>"",TRIM($Q$88),TRIM($R$88))
A89: =INPUT!$B$5 | B89: 04 | G89: =INPUT!$B$6 | H89: =IFERROR(VLOOKUP($P$89,INPUT!$A$48:$I$156,6,FALSE),"") | P89: wouldyourather_f01_i04 | Q89: =IFERROR(VLOOKUP($P$89,INPUT!$A$48:$I$156,4,FALSE),"") | R89: =IFERROR(VLOOKUP($P$89,INPUT!$A$48:$I$156,3,FALSE),"") | U89: ="<aside>🅰1️⃣"&$H$86&"<br><br>🅰2️⃣"&$H$87&"<br><br>🅱1️⃣"&$H$88&"<br><br><strong>🅱2️⃣"&$H$89&"</mark>" | Y89: =INPUT!$B$7 | Z89: =INPUT!$B$8 | AA89: =IFERROR(VLOOKUP($P$89,INPUT!$A$48:$I$156,5,FALSE),"") | AB89: =IFERROR(VLOOKUP($AA$89,INPUT!$A$18:$D$24,2,FALSE),"") | AC89: =INPUT!$B$9 | AF89: =IFERROR(VLOOKUP($AA$89,INPUT!$A$18:$D$24,3,FALSE),"") | AG89: =INPUT!$B$10 | AH89: =IFERROR(VLOOKUP($AA$89,INPUT!$A$18:$D$24,4,FALSE),"") | AI89: =INPUT!$B$11 | AJ89: =INPUT!$B$12 | AK89: =INPUT!$B$13 | AL89: =INPUT!$B$14 | AM89: =INPUT!$B$15 | BD89: =IFERROR(VLOOKUP($P$89,INPUT!$A$48:$I$156,7,FALSE),"") | BE89: =IFERROR(VLOOKUP($P$89,INPUT!$A$48:$I$156,8,FALSE),"") | BF89: =IFERROR(VLOOKUP($P$89,INPUT!$A$48:$I$156,9,FALSE),"") | BG89: =IF(TRIM($Q$89)<>"",TRIM($Q$89),TRIM($R$89))
A90: =INPUT!$B$5 | B90: 01 | G90: =INPUT!$B$6 | H90: =IFERROR(VLOOKUP($P$90,INPUT!$A$48:$I$156,6,FALSE),"") | P90: wouldyourather_f01_ii01 | Q90: =IFERROR(VLOOKUP($P$90,INPUT!$A$48:$I$156,4,FALSE),"") | R90: =IFERROR(VLOOKUP($P$90,INPUT!$A$48:$I$156,3,FALSE),"") | U90: ="<aside><strong>🅰1️⃣"&$H$90&"</strong><br><br>🅰2️⃣___________<br><br>🅱1️⃣___________<br><br>🅱2️⃣___________></mark>" | Y90: =INPUT!$B$7 | Z90: =INPUT!$B$8 | AA90: =IFERROR(VLOOKUP($P$90,INPUT!$A$48:$I$156,5,FALSE),"") | AB90: =IFERROR(VLOOKUP($AA$90,INPUT!$A$18:$D$24,2,FALSE),"") | AC90: =INPUT!$B$9 | AF90: =IFERROR(VLOOKUP($AA$90,INPUT!$A$18:$D$24,3,FALSE),"") | AG90: =INPUT!$B$10 | AH90: =IFERROR(VLOOKUP($AA$90,INPUT!$A$18:$D$24,4,FALSE),"") | AI90: =INPUT!$B$11 | AJ90: =INPUT!$B$12 | AK90: =INPUT!$B$13 | AL90: =INPUT!$B$14 | AM90: =INPUT!$B$15 | BD90: =IFERROR(VLOOKUP($P$90,INPUT!$A$48:$I$156,7,FALSE),"") | BE90: =IFERROR(VLOOKUP($P$90,INPUT!$A$48:$I$156,8,FALSE),"") | BF90: =IFERROR(VLOOKUP($P$90,INPUT!$A$48:$I$156,9,FALSE),"") | BG90: =IF(TRIM($Q$90)<>"",TRIM($Q$90),TRIM($R$90))
A91: =INPUT!$B$5 | B91: 02 | G91: =INPUT!$B$6 | H91: =IFERROR(VLOOKUP($P$91,INPUT!$A$48:$I$156,6,FALSE),"") | P91: wouldyourather_f01_ii02 | Q91: =IFERROR(VLOOKUP($P$91,INPUT!$A$48:$I$156,4,FALSE),"") | R91: =IFERROR(VLOOKUP($P$91,INPUT!$A$48:$I$156,3,FALSE),"") | U91: ="<aside>🅰1️⃣"&$H$90&"<br><br><strong>🅰2️⃣"&$H$91&"</strong><br><br>🅱1️⃣___________<br><br>🅱2️⃣___________</mark>" | Y91: =INPUT!$B$7 | Z91: =INPUT!$B$8 | AA91: =IFERROR(VLOOKUP($P$91,INPUT!$A$48:$I$156,5,FALSE),"") | AB91: =IFERROR(VLOOKUP($AA$91,INPUT!$A$18:$D$24,2,FALSE),"") | AC91: =INPUT!$B$9 | AF91: =IFERROR(VLOOKUP($AA$91,INPUT!$A$18:$D$24,3,FALSE),"") | AG91: =INPUT!$B$10 | AH91: =IFERROR(VLOOKUP($AA$91,INPUT!$A$18:$D$24,4,FALSE),"") | AI91: =INPUT!$B$11 | AJ91: =INPUT!$B$12 | AK91: =INPUT!$B$13 | AL91: =INPUT!$B$14 | AM91: =INPUT!$B$15 | BD91: =IFERROR(VLOOKUP($P$91,INPUT!$A$48:$I$156,7,FALSE),"") | BE91: =IFERROR(VLOOKUP($P$91,INPUT!$A$48:$I$156,8,FALSE),"") | BF91: =IFERROR(VLOOKUP($P$91,INPUT!$A$48:$I$156,9,FALSE),"") | BG91: =IF(TRIM($Q$91)<>"",TRIM($Q$91),TRIM($R$91))
A92: =INPUT!$B$5 | B92: 03 | G92: =INPUT!$B$6 | H92: =IFERROR(VLOOKUP($P$92,INPUT!$A$48:$I$156,6,FALSE),"") | P92: wouldyourather_f01_ii03 | Q92: =IFERROR(VLOOKUP($P$92,INPUT!$A$48:$I$156,4,FALSE),"") | R92: =IFERROR(VLOOKUP($P$92,INPUT!$A$48:$I$156,3,FALSE),"") | U92: ="<aside>🅰1️⃣"&$H$90&"<br><br>🅰2️⃣"&$H$91&"<br><br><strong>🅱1️⃣"&$H$92&"</strong><br><br>🅱2️⃣___________</mark>" | Y92: =INPUT!$B$7 | Z92: =INPUT!$B$8 | AA92: =IFERROR(VLOOKUP($P$92,INPUT!$A$48:$I$156,5,FALSE),"") | AB92: =IFERROR(VLOOKUP($AA$92,INPUT!$A$18:$D$24,2,FALSE),"") | AC92: =INPUT!$B$9 | AF92: =IFERROR(VLOOKUP($AA$92,INPUT!$A$18:$D$24,3,FALSE),"") | AG92: =INPUT!$B$10 | AH92: =IFERROR(VLOOKUP($AA$92,INPUT!$A$18:$D$24,4,FALSE),"") | AI92: =INPUT!$B$11 | AJ92: =INPUT!$B$12 | AK92: =INPUT!$B$13 | AL92: =INPUT!$B$14 | AM92: =INPUT!$B$15 | BD92: =IFERROR(VLOOKUP($P$92,INPUT!$A$48:$I$156,7,FALSE),"") | BE92: =IFERROR(VLOOKUP($P$92,INPUT!$A$48:$I$156,8,FALSE),"") | BF92: =IFERROR(VLOOKUP($P$92,INPUT!$A$48:$I$156,9,FALSE),"") | BG92: =IF(TRIM($Q$92)<>"",TRIM($Q$92),TRIM($R$92))
A93: =INPUT!$B$5 | B93: 04 | G93: =INPUT!$B$6 | H93: =IFERROR(VLOOKUP($P$93,INPUT!$A$48:$I$156,6,FALSE),"") | P93: wouldyourather_f01_ii04 | Q93: =IFERROR(VLOOKUP($P$93,INPUT!$A$48:$I$156,4,FALSE),"") | R93: =IFERROR(VLOOKUP($P$93,INPUT!$A$48:$I$156,3,FALSE),"") | U93: ="<aside>🅰1️⃣"&$H$90&"<br><br>🅰2️⃣"&$H$91&"<br><br>🅱1️⃣"&$H$92&"<br><br><strong>🅱2️⃣"&$H$93&"</mark>" | Y93: =INPUT!$B$7 | Z93: =INPUT!$B$8 | AA93: =IFERROR(VLOOKUP($P$93,INPUT!$A$48:$I$156,5,FALSE),"") | AB93: =IFERROR(VLOOKUP($AA$93,INPUT!$A$18:$D$24,2,FALSE),"") | AC93: =INPUT!$B$9 | AF93: =IFERROR(VLOOKUP($AA$93,INPUT!$A$18:$D$24,3,FALSE),"") | AG93: =INPUT!$B$10 | AH93: =IFERROR(VLOOKUP($AA$93,INPUT!$A$18:$D$24,4,FALSE),"") | AI93: =INPUT!$B$11 | AJ93: =INPUT!$B$12 | AK93: =INPUT!$B$13 | AL93: =INPUT!$B$14 | AM93: =INPUT!$B$15 | BD93: =IFERROR(VLOOKUP($P$93,INPUT!$A$48:$I$156,7,FALSE),"") | BE93: =IFERROR(VLOOKUP($P$93,INPUT!$A$48:$I$156,8,FALSE),"") | BF93: =IFERROR(VLOOKUP($P$93,INPUT!$A$48:$I$156,9,FALSE),"") | BG93: =IF(TRIM($Q$93)<>"",TRIM($Q$93),TRIM($R$93))
A94: =INPUT!$B$5 | B94: 01 | G94: =INPUT!$B$6 | H94: =IFERROR(VLOOKUP($P$94,INPUT!$A$48:$I$156,6,FALSE),"") | P94: wouldyourather_f02_i01 | Q94: =IFERROR(VLOOKUP($P$94,INPUT!$A$48:$I$156,4,FALSE),"") | R94: =IFERROR(VLOOKUP($P$94,INPUT!$A$48:$I$156,3,FALSE),"") | U94: ="<aside><strong>🅰1️⃣"&$H$94&"</strong><br><br>🅰2️⃣___________<br><br>🅱1️⃣___________<br><br>🅱2️⃣___________></mark>" | Y94: =INPUT!$B$7 | Z94: =INPUT!$B$8 | AA94: =IFERROR(VLOOKUP($P$94,INPUT!$A$48:$I$156,5,FALSE),"") | AB94: =IFERROR(VLOOKUP($AA$94,INPUT!$A$18:$D$24,2,FALSE),"") | AC94: =INPUT!$B$9 | AF94: =IFERROR(VLOOKUP($AA$94,INPUT!$A$18:$D$24,3,FALSE),"") | AG94: =INPUT!$B$10 | AH94: =IFERROR(VLOOKUP($AA$94,INPUT!$A$18:$D$24,4,FALSE),"") | AI94: =INPUT!$B$11 | AJ94: =INPUT!$B$12 | AK94: =INPUT!$B$13 | AL94: =INPUT!$B$14 | AM94: =INPUT!$B$15 | BD94: =IFERROR(VLOOKUP($P$94,INPUT!$A$48:$I$156,7,FALSE),"") | BE94: =IFERROR(VLOOKUP($P$94,INPUT!$A$48:$I$156,8,FALSE),"") | BF94: =IFERROR(VLOOKUP($P$94,INPUT!$A$48:$I$156,9,FALSE),"") | BG94: =IF(TRIM($Q$94)<>"",TRIM($Q$94),TRIM($R$94))
A95: =INPUT!$B$5 | B95: 02 | G95: =INPUT!$B$6 | H95: =IFERROR(VLOOKUP($P$95,INPUT!$A$48:$I$156,6,FALSE),"") | P95: wouldyourather_f02_i02 | Q95: =IFERROR(VLOOKUP($P$95,INPUT!$A$48:$I$156,4,FALSE),"") | R95: =IFERROR(VLOOKUP($P$95,INPUT!$A$48:$I$156,3,FALSE),"") | U95: ="<aside>🅰1️⃣"&$H$94&"<br><br><strong>🅰2️⃣"&$H$95&"</strong><br><br>🅱1️⃣___________<br><br>🅱2️⃣___________</mark>" | Y95: =INPUT!$B$7 | Z95: =INPUT!$B$8 | AA95: =IFERROR(VLOOKUP($P$95,INPUT!$A$48:$I$156,5,FALSE),"") | AB95: =IFERROR(VLOOKUP($AA$95,INPUT!$A$18:$D$24,2,FALSE),"") | AC95: =INPUT!$B$9 | AF95: =IFERROR(VLOOKUP($AA$95,INPUT!$A$18:$D$24,3,FALSE),"") | AG95: =INPUT!$B$10 | AH95: =IFERROR(VLOOKUP($AA$95,INPUT!$A$18:$D$24,4,FALSE),"") | AI95: =INPUT!$B$11 | AJ95: =INPUT!$B$12 | AK95: =INPUT!$B$13 | AL95: =INPUT!$B$14 | AM95: =INPUT!$B$15 | BD95: =IFERROR(VLOOKUP($P$95,INPUT!$A$48:$I$156,7,FALSE),"") | BE95: =IFERROR(VLOOKUP($P$95,INPUT!$A$48:$I$156,8,FALSE),"") | BF95: =IFERROR(VLOOKUP($P$95,INPUT!$A$48:$I$156,9,FALSE),"") | BG95: =IF(TRIM($Q$95)<>"",TRIM($Q$95),TRIM($R$95))
A96: =INPUT!$B$5 | B96: 03 | G96: =INPUT!$B$6 | H96: =IFERROR(VLOOKUP($P$96,INPUT!$A$48:$I$156,6,FALSE),"") | P96: wouldyourather_f02_i03 | Q96: =IFERROR(VLOOKUP($P$96,INPUT!$A$48:$I$156,4,FALSE),"") | R96: =IFERROR(VLOOKUP($P$96,INPUT!$A$48:$I$156,3,FALSE),"") | U96: ="<aside>🅰1️⃣"&$H$94&"<br><br>🅰2️⃣"&$H$95&"<br><br><strong>🅱1️⃣"&$H$96&"</strong><br><br>🅱2️⃣___________</mark>" | Y96: =INPUT!$B$7 | Z96: =INPUT!$B$8 | AA96: =IFERROR(VLOOKUP($P$96,INPUT!$A$48:$I$156,5,FALSE),"") | AB96: =IFERROR(VLOOKUP($AA$96,INPUT!$A$18:$D$24,2,FALSE),"") | AC96: =INPUT!$B$9 | AF96: =IFERROR(VLOOKUP($AA$96,INPUT!$A$18:$D$24,3,FALSE),"") | AG96: =INPUT!$B$10 | AH96: =IFERROR(VLOOKUP($AA$96,INPUT!$A$18:$D$24,4,FALSE),"") | AI96: =INPUT!$B$11 | AJ96: =INPUT!$B$12 | AK96: =INPUT!$B$13 | AL96: =INPUT!$B$14 | AM96: =INPUT!$B$15 | BD96: =IFERROR(VLOOKUP($P$96,INPUT!$A$48:$I$156,7,FALSE),"") | BE96: =IFERROR(VLOOKUP($P$96,INPUT!$A$48:$I$156,8,FALSE),"") | BF96: =IFERROR(VLOOKUP($P$96,INPUT!$A$48:$I$156,9,FALSE),"") | BG96: =IF(TRIM($Q$96)<>"",TRIM($Q$96),TRIM($R$96))
A97: =INPUT!$B$5 | B97: 04 | G97: =INPUT!$B$6 | H97: =IFERROR(VLOOKUP($P$97,INPUT!$A$48:$I$156,6,FALSE),"") | P97: wouldyourather_f02_i04 | Q97: =IFERROR(VLOOKUP($P$97,INPUT!$A$48:$I$156,4,FALSE),"") | R97: =IFERROR(VLOOKUP($P$97,INPUT!$A$48:$I$156,3,FALSE),"") | U97: ="<aside>🅰1️⃣"&$H$94&"<br><br>🅰2️⃣"&$H$95&"<br><br>🅱1️⃣"&$H$96&"<br><br><strong>🅱2️⃣"&$H$97&"</mark>" | Y97: =INPUT!$B$7 | Z97: =INPUT!$B$8 | AA97: =IFERROR(VLOOKUP($P$97,INPUT!$A$48:$I$156,5,FALSE),"") | AB97: =IFERROR(VLOOKUP($AA$97,INPUT!$A$18:$D$24,2,FALSE),"") | AC97: =INPUT!$B$9 | AF97: =IFERROR(VLOOKUP($AA$97,INPUT!$A$18:$D$24,3,FALSE),"") | AG97: =INPUT!$B$10 | AH97: =IFERROR(VLOOKUP($AA$97,INPUT!$A$18:$D$24,4,FALSE),"") | AI97: =INPUT!$B$11 | AJ97: =INPUT!$B$12 | AK97: =INPUT!$B$13 | AL97: =INPUT!$B$14 | AM97: =INPUT!$B$15 | BD97: =IFERROR(VLOOKUP($P$97,INPUT!$A$48:$I$156,7,FALSE),"") | BE97: =IFERROR(VLOOKUP($P$97,INPUT!$A$48:$I$156,8,FALSE),"") | BF97: =IFERROR(VLOOKUP($P$97,INPUT!$A$48:$I$156,9,FALSE),"") | BG97: =IF(TRIM($Q$97)<>"",TRIM($Q$97),TRIM($R$97))
A98: =INPUT!$B$5 | B98: 01 | G98: =INPUT!$B$6 | H98: =IFERROR(VLOOKUP($P$98,INPUT!$A$48:$I$156,6,FALSE),"") | P98: wouldyourather_f02_ii01 | Q98: =IFERROR(VLOOKUP($P$98,INPUT!$A$48:$I$156,4,FALSE),"") | R98: =IFERROR(VLOOKUP($P$98,INPUT!$A$48:$I$156,3,FALSE),"") | U98: ="<aside><strong>🅰1️⃣"&$H$98&"</strong><br><br>🅰2️⃣___________<br><br>🅱1️⃣___________<br><br>🅱2️⃣___________></mark>" | Y98: =INPUT!$B$7 | Z98: =INPUT!$B$8 | AA98: =IFERROR(VLOOKUP($P$98,INPUT!$A$48:$I$156,5,FALSE),"") | AB98: =IFERROR(VLOOKUP($AA$98,INPUT!$A$18:$D$24,2,FALSE),"") | AC98: =INPUT!$B$9 | AF98: =IFERROR(VLOOKUP($AA$98,INPUT!$A$18:$D$24,3,FALSE),"") | AG98: =INPUT!$B$10 | AH98: =IFERROR(VLOOKUP($AA$98,INPUT!$A$18:$D$24,4,FALSE),"") | AI98: =INPUT!$B$11 | AJ98: =INPUT!$B$12 | AK98: =INPUT!$B$13 | AL98: =INPUT!$B$14 | AM98: =INPUT!$B$15 | BD98: =IFERROR(VLOOKUP($P$98,INPUT!$A$48:$I$156,7,FALSE),"") | BE98: =IFERROR(VLOOKUP($P$98,INPUT!$A$48:$I$156,8,FALSE),"") | BF98: =IFERROR(VLOOKUP($P$98,INPUT!$A$48:$I$156,9,FALSE),"") | BG98: =IF(TRIM($Q$98)<>"",TRIM($Q$98),TRIM($R$98))
A99: =INPUT!$B$5 | B99: 02 | G99: =INPUT!$B$6 | H99: =IFERROR(VLOOKUP($P$99,INPUT!$A$48:$I$156,6,FALSE),"") | P99: wouldyourather_f02_ii02 | Q99: =IFERROR(VLOOKUP($P$99,INPUT!$A$48:$I$156,4,FALSE),"") | R99: =IFERROR(VLOOKUP($P$99,INPUT!$A$48:$I$156,3,FALSE),"") | U99: ="<aside>🅰1️⃣"&$H$98&"<br><br><strong>🅰2️⃣"&$H$99&"</strong><br><br>🅱1️⃣___________<br><br>🅱2️⃣___________</mark>" | Y99: =INPUT!$B$7 | Z99: =INPUT!$B$8 | AA99: =IFERROR(VLOOKUP($P$99,INPUT!$A$48:$I$156,5,FALSE),"") | AB99: =IFERROR(VLOOKUP($AA$99,INPUT!$A$18:$D$24,2,FALSE),"") | AC99: =INPUT!$B$9 | AF99: =IFERROR(VLOOKUP($AA$99,INPUT!$A$18:$D$24,3,FALSE),"") | AG99: =INPUT!$B$10 | AH99: =IFERROR(VLOOKUP($AA$99,INPUT!$A$18:$D$24,4,FALSE),"") | AI99: =INPUT!$B$11 | AJ99: =INPUT!$B$12 | AK99: =INPUT!$B$13 | AL99: =INPUT!$B$14 | AM99: =INPUT!$B$15 | BD99: =IFERROR(VLOOKUP($P$99,INPUT!$A$48:$I$156,7,FALSE),"") | BE99: =IFERROR(VLOOKUP($P$99,INPUT!$A$48:$I$156,8,FALSE),"") | BF99: =IFERROR(VLOOKUP($P$99,INPUT!$A$48:$I$156,9,FALSE),"") | BG99: =IF(TRIM($Q$99)<>"",TRIM($Q$99),TRIM($R$99))
A100: =INPUT!$B$5 | B100: 03 | G100: =INPUT!$B$6 | H100: =IFERROR(VLOOKUP($P$100,INPUT!$A$48:$I$156,6,FALSE),"") | P100: wouldyourather_f02_ii03 | Q100: =IFERROR(VLOOKUP($P$100,INPUT!$A$48:$I$156,4,FALSE),"") | R100: =IFERROR(VLOOKUP($P$100,INPUT!$A$48:$I$156,3,FALSE),"") | U100: ="<aside>🅰1️⃣"&$H$98&"<br><br>🅰2️⃣"&$H$99&"<br><br><strong>🅱1️⃣"&$H$100&"</strong><br><br>🅱2️⃣___________</mark>" | Y100: =INPUT!$B$7 | Z100: =INPUT!$B$8 | AA100: =IFERROR(VLOOKUP($P$100,INPUT!$A$48:$I$156,5,FALSE),"") | AB100: =IFERROR(VLOOKUP($AA$100,INPUT!$A$18:$D$24,2,FALSE),"") | AC100: =INPUT!$B$9 | AF100: =IFERROR(VLOOKUP($AA$100,INPUT!$A$18:$D$24,3,FALSE),"") | AG100: =INPUT!$B$10 | AH100: =IFERROR(VLOOKUP($AA$100,INPUT!$A$18:$D$24,4,FALSE),"") | AI100: =INPUT!$B$11 | AJ100: =INPUT!$B$12 | AK100: =INPUT!$B$13 | AL100: =INPUT!$B$14 | AM100: =INPUT!$B$15 | BD100: =IFERROR(VLOOKUP($P$100,INPUT!$A$48:$I$156,7,FALSE),"") | BE100: =IFERROR(VLOOKUP($P$100,INPUT!$A$48:$I$156,8,FALSE),"") | BF100: =IFERROR(VLOOKUP($P$100,INPUT!$A$48:$I$156,9,FALSE),"") | BG100: =IF(TRIM($Q$100)<>"",TRIM($Q$100),TRIM($R$100))
...

Sheet INPUT
A1: INPUT — the ONLY sheet to edit. Every unique text value lives here once; MAIN is formulas. To add takes, append rows to the takes table, then append matching MAIN rows reusing the neighboring formulas. Never edit the exported CSV: it carries values only, which is how the formulas were lost.
A3: globals — one value used file-wide (MAIN references the cell)
A4: key | B4: value
A5: title_text | B5: Preferences in English<br>A1➡B2
A6: character | B6: CasualTeacher
A7: course_id | B7: wouldyourather
A8: course_name | B8: Preferences in English A1➡B2
A9: response_type | B9: friendClosedResponse
A10: recap_overlay | B10: shareCta
A11: success_video | B11: success
A12: success_srt | B12: 1 00:00:00,000 --> 00:00:06,180 Great, you're almost done. Now your shareable video is going to be magically 2 00:00:06,180 --> 00:00:11,300 created right in front of your eyes. Just wait for the video to finish then 3 00:00:11,300 --> 00:00:14,880 share it with your friends, family and colleagues so they can reply to you. 4 00:00:14,880 --> 00:00:20,580 They'll also be able to prompt you to speak. Remember to share with a lot of 5 00:00:20,580 --> 00:00:25,480 people to get more chances to practice the next 48 hours before the video is deleted. 6 00:00:25,480 --> 00:00:31,320 So press the button below to create the video, wait for it to finish, then share.
A13: success_srt_es | B13: 1 00:00:00,000 --> 00:00:06,180 Genial, ya casi terminas. Ahora tu video para compartir se creará mágicamente 2 00:00:06,180 --> 00:00:11,300 justo delante de tus ojos. Solo espera a que el video termine y luego 3 00:00:11,300 --> 00:00:14,880 compártelo con tus amigos, familiares y colegas para que puedan responderte. 4 00:00:14,880 --> 00:00:20,580 También podrán animarte a hablar. Recuerda compartir con muchas 5 00:00:20,580 --> 00:00:25,480 personas para tener más oportunidades de practicar durante las próximas 48 horas antes de que el video se elimine. 6 00:00:25,480 --> 00:00:31,320 Así que oprime el botón de abajo para crear el video, espera a que termine y luego compártelo.
A14: success_srt_pt | B14: 1 00:00:00,000 --> 00:00:06,180 Ótimo, você está quase terminando. Agora seu vídeo para compartilhar será criado magicamente 2 00:00:06,180 --> 00:00:11,300 bem diante dos seus olhos. Apenas espere o vídeo terminar e então 3 00:00:11,300 --> 00:00:14,880 compartilhe-o com seus amigos, familiares e colegas para que eles possam responder a você. 4 00:00:14,880 --> 00:00:20,580 Eles também poderão incentivar você a falar. Lembre-se de compartilhar com muitas 5 00:00:20,580 --> 00:00:25,480 pessoas para ter mais chances de praticar nas próximas 48 horas antes que o vídeo seja excluído. 6 00:00:25,480 --> 00:00:31,320 Então pressione o botão abaixo para criar o vídeo, espere ele terminar e depois compartilhe.
A15: success_srt_bn | B15: 1 00:00:00,000 --> 00:00:06,180 দুর্দান্ত, আপনি প্রায় শেষ। এখন আপনার শেয়ারযোগ্য ভিডিওটি জাদুর মতো তৈরি হবে 2 00:00:06,180 --> 00:00:11,300 আপনার চোখের সামনেই। শুধু ভিডিওটি শেষ হওয়ার জন্য অপেক্ষা করুন তারপর 3 00:00:11,300 --> 00:00:14,880 এটি আপনার বন্ধু, পরিবার এবং সহকর্মীদের সাথে শেয়ার করুন যাতে তারা আপনাকে উত্তর দিতে পারে। 4 00:00:14,880 --> 00:00:20,580 তারা আপনাকে কথা বলতে উৎসাহিতও করতে পারবে। অনেকের সাথে শেয়ার করতে মনে রাখবেন 5 00:00:20,580 --> 00:00:25,480 যাতে ভিডিওটি মুছে ফেলার আগে পরবর্তী ৪৮ ঘণ্টায় অনুশীলনের আরও সুযোগ পায়। 6 00:00:25,480 --> 00:00:31,320 তাই ভিডিও তৈরি করতে নিচের বোতামটি চাপুন, এটি শেষ হওয়ার জন্য অপেক্ষা করুন, তারপর শেয়ার করুন।
A17: lessons — one row per lesson_id (MAIN VLOOKUPs by lesson_id)
A18: lesson_id | B18: lesson_title | C18: recap_sources | D18: intro_video
A19: a | B19: Ask: money vs. time, food vs. talk, beach vs. mountains | C19: none | D19: intro
A20: b | B20: Answer: money vs. time, food vs. talk, beach vs. mountains | C20: friend | D20: {friendCode}wouldyourather-a-response-01
A21: c | B21: Ask: rich vs. free, cook vs. restaurant, alone vs. friends | C21: none | D21: {friendCode}wouldyourather-b-response-04
A22: d | B22: Answer: rich vs. free, cook vs. restaurant, alone vs. friends | C22: friend | D22: {friendCode}wouldyourather-c-response-04
A23: e | B23: Ask: time vs. money, sweet vs. salty, home vs. out | C23: none | D23: {friendCode}wouldyourather-d-response-04
A24: f | B24: Answer: time vs. money, sweet vs. salty, home vs. out | C24: friend | D24: {friendCode}wouldyourather-e-response-04
A26: steps — one row per step (join else video_file; MAIN VLOOKUPs by _step)
A27: step_key
A28: wouldyourather_a01
A29: wouldyourather_a02
A30: wouldyourather_a03
A31: wouldyourather_b01
A32: wouldyourather_b02
A33: wouldyourather_b03
A34: wouldyourather_c01
A35: wouldyourather_c02
A36: wouldyourather_c03
A37: wouldyourather_d01
... A47: takes — one row per filename; the phrase source of truth (MAIN VLOOKUPs phrase* by filename; subtitle formulas point at MAIN phrase cells)
A48: filename | B48: order | C48: video_file | D48: join | E48: lesson_id | F48: phrase | G48: phrase_es | H48: phrase_pt | I48: phrase_bn
A49: wouldyourather_a0101 | B49: 01 | C49: wouldyourather_a01 | E49: a | F49: A million dollars today or five million dollars in five years?
A50: wouldyourather_a0102 | B50: 02 | C50: wouldyourather_a01 | E50: a | F50: Is it better to a million dollars today or five million dollars in five years?
A51: wouldyourather_a0103 | B51: 03 | C51: wouldyourather_a01 | E51: a | F51: Would you rather receive a million dollars today or wait five years and receive five million dollars instead?
A52: wouldyourather_a0104 | B52: 04 | C52: wouldyourather_a01 | E52: a | F52: Given the choice between accepting a million dollars today and waiting five years for five million dollars, Is it better to do?
A53: wouldyourather_a0201 | B53: 01 | C53: wouldyourather_a02 | E53: a | F53: A meal with great food or a meal with great conversation?
A54: wouldyourather_a0202 | B54: 02 | C54: wouldyourather_a02 | E54: a | F54: Is it better to a meal with great food or a meal with great conversation?
A55: wouldyourather_a0203 | B55: 03 | C55: wouldyourather_a02 | E55: a | F55: Would you rather have a meal with great food or have a meal with great conversation instead?
A56: wouldyourather_a0204 | B56: 04 | C56: wouldyourather_a02 | E56: a | F56: Given the choice between having a meal with great food and having a meal with great conversation, Is it better to have?
A57: wouldyourather_a0301 | B57: 01 | C57: wouldyourather_a03 | E57: a | F57: A short beach vacation with great weather or a long beach vacation with bad weather?
A58: wouldyourather_a0302 | B58: 02 | C58: wouldyourather_a03 | E58: a | F58: Is it better to a short beach vacation with great weather or a long beach vacation with bad weather?
A59: wouldyourather_a0303 | B59: 03 | C59: wouldyourather_a03 | E59: a | F59: Would you rather go on a beach vacation that's short with great weather or one that's long but with bad weather?
A60: wouldyourather_a0304 | B60: 04 | C60: wouldyourather_a03 | E60: a | F60: Given the choice between a short beach vacation with great weather and a long one with bad weather, Is it better to go on?
A61: wouldyourather_b01_i01 | B61: 01 | C61: wouldyourather_b01_i | D61: wouldyourather_b01 | E61: b | F61: A million dollars today.
A62: wouldyourather_b01_i02 | B62: 02 | C62: wouldyourather_b01_i | D62: wouldyourather_b01 | E62: b | F62: I would rather a million dollars today.
A63: wouldyourather_b01_i03 | B63: 03 | C63: wouldyourather_b01_i | D63: wouldyourather_b01 | E63: b | F63: I would rather receive a million dollars today than wait five years for five million dollars.
A64: wouldyourather_b01_i04 | B64: 04 | C64: wouldyourather_b01_i | D64: wouldyourather_b01 | E64: b | F64: Given the choice between accepting a million dollars today and waiting five years for five million dollars, I would rather take a million dollars today.
A65: wouldyourather_b01_ii01 | B65: 01 | C65: wouldyourather_b01_ii | D65: wouldyourather_b01 | E65: b | F65: Five million dollars in five years.
A66: wouldyourather_b01_ii02 | B66: 02 | C66: wouldyourather_b01_ii | D66: wouldyourather_b01 | E66: b | F66: I would rather five millon dollars in five years.
A67: wouldyourather_b01_ii03 | B67: 03 | C67: wouldyourather_b01_ii | D67: wouldyourather_b01 | E67: b | F67: I would rather wait five years for five million dollars than receive one million dollars today.
A68: wouldyourather_b01_ii04 | B68: 04 | C68: wouldyourather_b01_ii | D68: wouldyourather_b01 | E68: b | F68: Given the choice between accepting a million dollars today and waiting five years for five million dollars, I would rather wait.
A69: wouldyourather_b02_i01 | B69: 01 | C69: wouldyourather_b02_i | D69: wouldyourather_b02 | E69: b | F69: A meal with great food.
A70: wouldyourather_b02_i02 | B70: 02 | C70: wouldyourather_b02_i | D70: wouldyourather_b02 | E70: b | F70: I would rather a meal with great food.
A71: wouldyourather_b02_i03 | B71: 03 | C71: wouldyourather_b02_i | D71: wouldyourather_b02 | E71: b | F71: I would rather have a meal with great food than a meal with great conversation.
A72: wouldyourather_b02_i04 | B72: 04 | C72: wouldyourather_b02_i | D72: wouldyourather_b02 | E72: b | F72: Given the choice between a meal with great food and a meal with great conversation, I would rather have a meal with great food.
... A84: wouldyourather_b03_ii04 | B84: 04 | C84: wouldyourather_b03_ii | D84: wouldyourather_b03 | E84: b | F84: Given the choice between a short beach vacation with great weather and a long beach vacation with bad weather, I would rather go on a long beach vacation with bad weather.
A85: wouldyourather_c0101 | B85: 01 | C85: wouldyourather_c01 | E85: c | F85: Speak every language or play every instrument?
A86: wouldyourather_c0102 | B86: 02 | C86: wouldyourather_c01 | E86: c | F86: Is it better to speak every language or play every instrument?
A87: wouldyourather_c0103 | B87: 03 | C87: wouldyourather_c01 | E87: c | F87: Would you rather be able to speak every language in the world or be able to play every musical instrument?
A88: wouldyourather_c0104 | B88: 04 | C88: wouldyourather_c01 | E88: c | F88: Given the choice between being able to speak every language in the world and being able to play every musical instrument, Is it better to be able to do?
A89: wouldyourather_c0201 | B89: 01 | C89: wouldyourather_c02 | E89: c | F89: A tiny apartment in a big city or a huge house in the countryside?
A90: wouldyourather_c0202 | B90: 02 | C90: wouldyourather_c02 | E90: c | F90: Is it better to live in a tiny apartment in a big city or live in a huge house in the countryside?
A91: wouldyourather_c0203 | B91: 03 | C91: wouldyourather_c02 | E91: c | F91: Would you rather live in a tiny apartment in a big city or live in a huge house in the countryside instead?
A92: wouldyourather_c0204 | B92: 04 | C92: wouldyourather_c02 | E92: c | F92: Given the choice between living in a tiny apartment in a big city and living in a huge house in the countryside, Is it better to do?
A93: wouldyourather_c0301 | B93: 01 | C93: wouldyourather_c03 | E93: c | F93: Friends who always tell you the truth or friends who always make you feel good?
A94: wouldyourather_c0302 | B94: 02 | C94: wouldyourather_c03 | E94: c | F94: Is it better to have friends who always tell you the truth or friends who always make you feel good?
A95: wouldyourather_c0303 | B95: 03 | C95: wouldyourather_c03 | E95: c | F95: Would you rather have friends who always tell you the truth or have friends who always make you feel good instead?
A96: wouldyourather_c0304 | B96: 04 | C96: wouldyourather_c03 | E96: c | F96: Given the choice between having friends who always tell you the truth and having friends who always make you feel good, Is it better to have?
A97: wouldyourather_d01_i01 | B97: 01 | C97: wouldyourather_d01_i | D97: wouldyourather_d01 | E97: d | F97: To speak every language.
A98: wouldyourather_d01_i02 | B98: 02 | C98: wouldyourather_d01_i | D98: wouldyourather_d01 | E98: d | F98: I would rather be able to speak every language.
A99: wouldyourather_d01_i03 | B99: 03 | C99: wouldyourather_d01_i | D99: wouldyourather_d01 | E99: d | F99: I would rather be able to speak every language in the world than be able to play every musical instrument.
A100: wouldyourather_d01_i04 | B100: 04 | C100: wouldyourather_d01_i | D100: wouldyourather_d01 | E100: d | F100: Given the choice between being able to speak every language in the world and being able to play every musical instrument, I would rather be able to speak every language.
A101: wouldyourather_d01_ii01 | B101: 01 | C101: wouldyourather_d01_ii | D101: wouldyourather_d01 | E101: d | F101: To play every instrument.
A102: wouldyourather_d01_ii02 | B102: 02 | C102: wouldyourather_d01_ii | D102: wouldyourather_d01 | E102: d | F102: I would rather be able to play every instrument.
A103: wouldyourather_d01_ii03 | B103: 03 | C103: wouldyourather_d01_ii | D103: wouldyourather_d01 | E103: d | F103: I would rather be able to play every musical instrument than be able to speak every language in the world.
A104: wouldyourather_d01_ii04 | B104: 04 | C104: wouldyourather_d01_ii | D104: wouldyourather_d01 | E104: d | F104: Given the choice between being able to speak every language in the world and being able to play every musical instrument, I would rather be able to play every instrument.
A105: wouldyourather_d02_i01 | B105: 01 | C105: wouldyourather_d02_i | D105: wouldyourather_d02 | E105: d | F105: A tiny apartment in a big city.
A106: wouldyourather_d02_i02 | B106: 02 | C106: wouldyourather_d02_i | D106: wouldyourather_d02 | E106: d | F106: I would rather live in a tiny apartment in a big city.
A107: wouldyourather_d02_i03 | B107: 03 | C107: wouldyourather_d02_i | D107: wouldyourather_d02 | E107: d | F107: I would rather live in a tiny apartment in a big city than live in a huge house in the countryside.
A108: wouldyourather_d02_i04 | B108: 04 | C108: wouldyourather_d02_i | D108: wouldyourather_d02 | E108: d | F108: Given the choice between living in a tiny apartment in a big city and living in a huge house in the countryside, I would rather live in a tiny apartment in a big city.
... A120: wouldyourather_d03_ii04 | B120: 04 | C120: wouldyourather_d03_ii | D120: wouldyourather_d03 | E120: d | F120: Given the choice between having friends who always tell you the truth and having friends who always make you feel good, I would rather have friends who always make me feel good.
A121: wouldyourather_e0101 | B121: 01 | C121: wouldyourather_e01 | E121: e | F121: A job you love with a low salary or a job you hate with a high salary?
A122: wouldyourather_e0102 | B122: 02 | C122: wouldyourather_e01 | E122: e | F122: Is it better to have: a job you love with a low salary or a job you hate with a high salary?
A123: wouldyourather_e0103 | B123: 03 | C123: wouldyourather_e01 | E123: e | F123: Would you rather have a job you love that pays a low salary or have a job you hate that pays a high salary?
A124: wouldyourather_e0104 | B124: 04 | C124: wouldyourather_e01 | E124: e | F124: Given the choice between having a job you love that pays a low salary and having a job you hate that pays a high salary, Is it better to have?
A125: wouldyourather_e0201 | B125: 01 | C125: wouldyourather_e02 | E125: e | F125: Rich with no privacy or poor with complete privacy?
A126: wouldyourather_e0202 | B126: 02 | C126: wouldyourather_e02 | E126: e | F126: Is it better to be rich with no privacy or poor with complete privacy?
A127: wouldyourather_e0203 | B127: 03 | C127: wouldyourather_e02 | E127: e | F127: Would you rather be rich but have no privacy or be poor but have complete privacy?
A128: wouldyourather_e0204 | B128: 04 | C128: wouldyourather_e02 | E128: e | F128: Given the choice between being rich but having no privacy and being poor but having complete privacy, Is it better to be?
A129: wouldyourather_e0301 | B129: 01 | C129: wouldyourather_e03 | E129: e | F129: A week without your phone or a week without music?
A130: wouldyourather_e0302 | B130: 02 | C130: wouldyourather_e03 | E130: e | F130: Is it better to go a week without your phone or go a week without music?
A131: wouldyourather_e0303 | B131: 03 | C131: wouldyourather_e03 | E131: e | F131: Would you rather go a week without your phone or go a week without listening to any music?
A132: wouldyourather_e0304 | B132: 04 | C132: wouldyourather_e03 | E132: e | F132: Given the choice between going a week without your phone and going a week without listening to any music, Is it better to do?
A133: wouldyourather_f01_i01 | B133: 01 | C133: wouldyourather_f01_i | D133: wouldyourather_f01 | E133: f | F133: A job you love with a low salary.
A134: wouldyourather_f01_i02 | B134: 02 | C134: wouldyourather_f01_i | D134: wouldyourather_f01 | E134: f | F134: I would rather have a job I love with a low salary.
...
